Customer ID,External Customer ID,Invoice ID,Invoice Number,Period Start,Period End,Invoice Total,Analytics Total,Difference,Currency
cust_01K7K9XSZETKCH1K3G0WV24MCB,3251930423,inv_01KBBMN2EEDS13BGSSXHK51G69,INV-202512-00005,2025-11-01T00:00:00Z,2025-12-01T00:00:00Z,22472.65,22472.6489630046,0.0010369954,inr
cust_01K7GGEPNG31PAPK675VXTZ9V5,8867783298,inv_01KBBN7J715N2A3ED2C2DFTJ2S,INV-202512-00006,2025-11-01T00:00:00Z,2025-12-01T00:00:00Z,115225268.84,115225268.83919261206,0.00080738794,inr
cust_01K7GGF6Z6XV9ZPX7Z7111GJPB,1816040426,inv_01KBBNB1DN868KQZXN6QXCJWFY,INV-202512-00007,2025-11-01T00:00:00Z,2025-12-01T00:00:00Z,36810977.23,36810977.24299377516,-0.01299377516,inr
cust_01K7GGFNVT6V33N80087YRRZJH,9476227242,inv_01KBBNG8F0EPTPX0VP6H808V95,INV-202512-00008,2025-11-01T00:00:00Z,2025-12-01T00:00:00Z,3841493.08,3841493.0581441,0.0218559,inr
cust_01K7GGG4B3SR29YCVRAW4AJADP,3397369015,inv_01KBBP2QWFGKYK8Q8XW7Y5SF26,INV-202512-00009,2025-11-01T00:00:00Z,2025-12-01T00:00:00Z,719398.04,719398.04247876328,-0.00247876328,inr
cust_01K7GGJEHDP4ZVQ4QT63MECDE3,4825736408,inv_01KBBP68C37N3XYTAFMC3QG1VC,INV-202512-00010,2025-11-01T00:00:00Z,2025-12-01T00:00:00Z,1351005.43,1351005.43554528,-0.00554528,inr
cust_01K9Y3KHEP1M5YQWJ36XZQZNZF,2758817355,inv_01KBBKSMR4G2692WE9VSW4EMRQ,INV-202512-00003,2025-11-13T07:59:16Z,2025-12-01T00:00:00Z,30194.35,30194.35231008,-0.00231008,inr
cust_01K9Y3RPHAPAGZKARMDPDK06JH,5559714992,inv_01KBBKRWWJTECJ1QDXD6KSQ157,INV-202512-00002,2025-11-13T08:02:05Z,2025-12-01T00:00:00Z,146278.68,146278.67856492,0.00143508,inr
cust_01K9Y3SVGPYE8BGDKYXB3NY1DF,9334410994,inv_01KBBKGR86PHWH1V1QEJGTZ3WC,INV-202512-00001,2025-11-13T08:02:42Z,2025-12-01T00:00:00Z,1117183.27,1117183.25650017456,0.01349982544,inr
