customer_id,subscription_id,invoice_id,period_start,period_end,analytics_amount,invoice_subtotal,diff,invoice_generated,external_customer_id,billing_period_usage_credits,partial_march_usage_credits,ongoing_realtime_credit_balance,credit_balance,final_ongoing_balance
cust_01KJG52DMEB1MMQCPN80MM5A2P,subs_01KJG52DRC2PR0PEMY0W8DC184,inv_01KJKB488HXHP58J9K03BDYWKP,2026-02-27T18:16:42Z,2026-03-01T00:00:00Z,0.29,0.30,-0.01,true,PC_9545885087,0.29,0.00,0.70,0.70,0.71
cust_01KJCPD3SJGQBB1R0M21AQTKNM,subs_01KJCPD3XZDNVX8JY0RN7J97TM,inv_01KJKB4E7EXMKVJG8MQ6KHGPS4,2026-02-26T10:02:41Z,2026-03-01T00:00:00Z,234.65,341.00,-106.35,true,PC_9512570413,234.65,282.97,81.03,405.00,228.39
cust_01KJB14GGTYK9936RXZHNMCF95,subs_01KJB14GKYY4WX9R8Z50ZRSBWC,inv_01KJKB4DGC3KGC88BHE7NMEFPB,2026-02-25T18:31:44Z,2026-03-01T00:00:00Z,676.87,676.86,0.01,true,PC_9451615242,676.87,13502.56,-214.43,13288.14,-214.43
cust_01KJAYSFTN7A28R5PET9AGPD7T,subs_01KJAYSGEV3YVXJ9KKF7YJMPY9,inv_01KK9D586W5J05RAQ0P1R6QJEV,2026-02-25T17:50:47Z,2026-03-01T00:00:00Z,260.60,260.61,-0.01,true,PC_5125526260,260.60,874.68,-185.29,689.39,-185.29
cust_01KJAQJ1YFZF31A8P4D5WWQ5NT,subs_01KJAQJ29DP0J34DCES76GV3RC,inv_01KJKB4G1KZM9TNZ90J60KJSDF,2026-02-25T15:44:23Z,2026-03-01T00:00:00Z,116.17,457.43,-341.26,true,PC_5355307335,116.17,713.68,-971.10,0.00,-372.42
cust_01KJ6A6BM6FEVGYC1X40VCZXKK,subs_01KJ6A6BS6CT9CK34V2SGAXM9W,inv_01KJKEJ22R46Y7SWM7PB2PNE06,2026-02-23T22:33:50Z,2026-03-01T00:00:00Z,167.68,167.67,0.01,true,PC_2423973324,167.68,933.91,75.30,1026.00,92.08
cust_01KJ42A1SJNPAVF33G9YSQV2PQ,subs_01KJ42A1VRJMWA43V6T4HZR71R,inv_01KJKB5HB62Z4C0NQRF1VB3ZZG,2026-02-23T01:37:34Z,2026-03-01T00:00:00Z,80.14,80.13,0.01,true,PC_2284716579,80.14,271.34,2648.55,2919.87,2648.52
cust_01KJ1KGCCVTEYZR9NCH32885GJ,subs_01KJ1KGCJ4F88414ZSYTVR8FMK,inv_01KK9CHJETSZKFESAM7CKX1JQ4,2026-02-22T02:40:24Z,2026-03-01T00:00:00Z,212.37,212.36,0.01,true,PC_0604057064,212.37,1265.85,-28.22,1237.64,-28.22
cust_01KHZ5QC69D78WCAZDD0K1Y6BE,subs_01KHZ5QCDBJK8TBYKEHS3J0JZE,inv_01KK9CG28XYRP5ERJK5MZZJNWJ,2026-02-21T04:01:04Z,2026-03-01T00:00:00Z,414.91,414.90,0.01,true,PC_8993952038,414.91,537.79,147.31,685.10,147.30
cust_01KHX4WP9TV8BWNMCFVHN3YSNS,subs_01KHX4WPG5ATNAR5QV27HQ6YV7,inv_01KJKB9M9PGJFCGWZNQ11ZQ035,2026-02-20T09:08:01Z,2026-03-01T00:00:00Z,129.34,129.35,-0.01,true,PC_6332115704,129.34,414.95,955.70,1370.65,955.71
cust_01KHWJMVFX490R1KP92YGK1W70,subs_01KHWJMVPMZV34SWYNV41Y1X1A,inv_01KJKEJFXZC02DZQ27TCRXM0BT,2026-02-20T03:49:09Z,2026-03-01T00:00:00Z,156.83,156.82,0.01,true,PC_5098743021,156.83,21.02,-27.84,0.00,-21.02
cust_01KHVCZ7GV29P9430F7PXR85RF,subs_01KHVCZ7PECZWBXDSAERX5EZTF,inv_01KJKB9802ESRKTSM88RMN14R1,2026-02-19T16:50:44Z,2026-03-01T00:00:00Z,165.61,165.60,0.01,true,PC_4885862342,165.61,130.21,704.19,834.40,704.18
cust_01KHV4JRBP4VPHTV4S62DM4F7X,subs_01KHV4JRJ77NBWMGNN1J2CZ4T8,inv_01KJKB9A4NBCV1RDSPKMK92HH4,2026-02-19T14:24:06Z,2026-03-01T00:00:00Z,872.11,872.12,-0.01,true,PC_0991550481,872.11,155.75,-27.87,127.88,-27.86
cust_01KHRW7YVZX77HDH7JFW59DTYE,subs_01KHRW7YZ25HM5N62WX0J33977,inv_01KJKB8V3TCF6D93QZ222VW28X,2026-02-18T17:19:55Z,2026-03-01T00:00:00Z,1313.17,1313.16,0.01,true,PC_9114075133,1313.17,301.02,-114.18,186.84,-114.18
cust_01KHPE2Q9HMTTFW4X2R07KBX0J,subs_01KHPE2QDKTD4P2V8X9NJHDF33,inv_01KJKB9CJYKQ878DZZJF3CBGF9,2026-02-17T18:33:54Z,2026-03-01T00:00:00Z,901.83,901.82,0.01,true,PC_8261963371,901.83,808.01,12.17,820.18,12.16
cust_01KHP27GKAV9FGC0SZKTB44B9G,subs_01KHP27GR1P54JTB27K3PENKC8,inv_01KJKBABR1CXHD1GMDNM8JRVDJ,2026-02-17T15:06:48Z,2026-03-01T00:00:00Z,351.85,562.01,-210.16,true,PC_6955450957,351.85,242.82,-214.55,27.99,-4.67
cust_01KHN0XJ1NG86MG423EX2CT8KY,subs_01KHN0XJ7TJNQT8BJ7PB4MTRNT,inv_01KJKBBBNXVVWXJ2MW7W5975AK,2026-02-17T05:24:39Z,2026-03-01T00:00:00Z,189.48,189.49,-0.01,true,PC_2892292572,189.48,170.87,639.91,810.51,639.64
cust_01KHMR45GRVTD7D9DK396TDQN1,subs_01KHMR45Q21HAR98JMZD78F32Y,inv_01KK9D9ZEBE6BJE149V4X3TAM2,2026-02-17T02:50:59Z,2026-03-01T00:00:00Z,242.71,242.72,-0.01,true,PC_1725009807,242.71,150.52,306.76,457.28,306.77
cust_01KHKBVR6XMV76YFYQGKYQARA7,subs_01KHKBVRE4KF1Q93G42TK546R3,inv_01KJKEJ9W336KBF8RX08HCEVH3,2026-02-16T13:57:25Z,2026-03-01T00:00:00Z,1037.47,1037.48,-0.01,true,PC_0156846472,1037.47,170.83,-207.95,0.00,-170.83
cust_01KHGGKF3ZRKMBKB7S0W9NBJE5,subs_01KHGGKF971XYZ6ZHHXAS0QA9M,inv_01KJKB9WK6KYZR1S0AQ19VGA1M,2026-02-15T11:22:34Z,2026-03-01T00:00:00Z,78.10,78.11,-0.01,true,PC_0381456349,78.10,0.00,-28.11,0.00,0.01
cust_01KHFKFPKANPPD3A51DAH473EJ,subs_01KHFKFPSWX3N26P1YXWJYZP1N,inv_01KK9DPVHB9VBZ9GQBJPGX33NN,2026-02-15T02:53:42Z,2026-03-01T00:00:00Z,628.31,628.30,0.01,true,PC_8658978933,628.31,0.00,-28.30,0.00,-0.01
cust_01KHDBS4ZPN1W8S2W9GHPTSTDR,subs_01KHDBS566NFZPPCB12V9GGTPR,inv_01KJKB71D0P6TGYS5N9K0E4VRX,2026-02-14T06:00:34Z,2026-03-01T00:00:00Z,328.13,328.12,0.01,true,PC_6947638810,328.13,0.20,121.68,150.00,149.80
cust_01KHBXDX9JJQH3AX4EP6SXDJ2V,subs_01KHBXDXDK2P98AMPDN5TX29Q8,inv_01KK9DNXVX972QPM6WPV36TKJ2,2026-02-13T16:30:31Z,2026-03-01T00:00:00Z,404.31,404.32,-0.01,true,PC_8327967194,404.31,257.15,-411.48,0.00,-257.15
cust_01KHAW04DZWTPFTHRSM68QQ5TJ,subs_01KHAW04HT0BABRMQ9SPTSAYXC,inv_01KJKBBJT7DDRKTZD82A61ZQ9M,2026-02-13T06:46:16Z,2026-03-01T00:00:00Z,62.42,62.41,0.01,true,PC_3240023656,62.42,0.00,337.59,337.59,337.58
cust_01KH8FQA4GPSZ6KSCM4PRE0W6M,subs_01KH8FQA8R2RPT2H00H7F6FV7R,inv_01KJKBAN0G7HN3H82TJ9JKBP7X,2026-02-12T08:33:16Z,2026-03-01T00:00:00Z,83241.33,83241.32,0.01,true,PC_2507243125,83241.33,99853.82,62398.42,162251.68,62397.85
cust_01KH66QT0GW0DBGXEM46VRT5P4,subs_01KH66QT6TME6929SCGASQ2D3Z,inv_01KJKBAQJH1K5GPZPAJ3402TDW,2026-02-11T11:17:46Z,2026-03-01T00:00:00Z,123.94,123.93,0.01,true,PC_5193282915,123.94,3.94,-27.87,0.00,-3.95
cust_01KGVTD6S3Y2YG5JR6NJQHT7FB,subs_01KGVTD6Y14TEGMKY967CMKWGS,inv_01KJKEKGHJTZJD8AJAKKPEAGMD,2026-02-07T10:29:51Z,2026-03-01T00:00:00Z,1.11,1.12,-0.01,true,PC_8318447714,1.11,1.81,17.62,18.88,17.08
cust_01KGT0T17NY2SZBQKRBGSPHFER,subs_01KGT0T1E6KFCR132NF1MHDQ3B,inv_01KJKEKB994EHQ2EMDMK6YQJ86,2026-02-06T17:43:14Z,2026-03-01T00:00:00Z,717.72,717.73,-0.01,true,PC_9544685842,717.72,211.45,-303.90,0.00,-211.44
cust_01KGP9QF0AVCQ3KWGJMS5YJ4GE,subs_01KGP9QF7GQQM8D5ZDVHPTA7C3,inv_01KJKEK0V8Z4RJMX3TC1D6HBD5,2026-02-05T07:02:09Z,2026-03-01T00:00:00Z,45.40,45.41,-0.01,true,PC_8564489188,45.40,0.00,154.59,154.59,154.60
cust_01KGKPVA93WBXBGP6P185MZ3G8,subs_01KGKPVAGV6K00DAQ5EBWQZCFG,inv_01KK9DSXJ7WR38RHNY99DXRBY9,2026-02-04T06:53:44Z,2026-03-01T00:00:00Z,2813.86,2813.87,-0.01,true,PC_6254209142,2813.86,0.00,486.13,486.13,486.14
cust_01KGEJEHV0MSG3G7XZGZ8EGB3R,subs_01KGEJEJ2PANS9VWBC6249VRRJ,inv_01KJKEKYM7HKXJVNYH6XSR2VKF,2026-02-02T07:00:39Z,2026-03-01T00:00:00Z,1558.00,1557.99,0.01,true,PC_5052358353,1558.00,871.90,460.70,1332.23,460.32
cust_01KG856FAPZB0GTECVQF874HSA,subs_01KG9F1TSE81VSD6A92ZY86REJ,,2026-01-01T00:00:00Z,2026-02-01T00:00:00Z,664436.64,,664436.64,false,OG_STAGE_7180207450,664436.64,19245603.37,0.00,0.00,-19910040.01
cust_01KG81HAGYWFBVCBTQMJ3E721Y,subs_01KG81HAQC5GA79GTMVRYNH0WK,inv_01KJKBNSYHN99QNQJMNVZNT194,2026-02-01T00:00:00Z,2026-03-01T00:00:00Z,374.32,374.31,0.01,true,PC_9438860723,374.32,164.02,-148.42,15.60,-148.42
cust_01KG81F4023F1B7NT6YA8H1WXA,subs_01KG81F44262E84FZN909GQD6S,,2026-02-01T00:00:00Z,2026-03-01T00:00:00Z,338545.88,,338545.88,false,PC_6141286873,338545.88,262141.68,253752.46,515893.97,-84793.60
cust_01KG81EH2F6MTYB2H502EAGPB7,subs_01KG81EH8NGV14FXKAJX9PE09R,,2026-02-01T00:00:00Z,2026-03-01T00:00:00Z,12810.16,,12810.16,false,PC_4687978654,12810.16,3849.12,13485.43,17333.17,673.89
cust_01KG50RYMP9CV77NH5S0HXPEYT,subs_01KG50RYS68SDEGFH7JX8QH7CT,inv_01KJKBMD4W03BER9PVXMT0SDJX,2026-02-01T00:00:00Z,2026-03-01T00:00:00Z,206.33,206.32,0.01,true,PC_9584093173,206.33,17.01,37.86,54.87,37.85
cust_01KG42KZ9W0PTM29V6Z1DA3MYB,subs_01KG42KZQ0HM6RFGAQJVVTQ2W4,inv_01KJKBPH2VAC0B8TS94NT1YAY9,2026-02-01T00:00:00Z,2026-03-01T00:00:00Z,257.91,257.90,0.01,true,PC_0675128753,257.91,150.52,-22.29,128.23,-22.30
cust_01KFNNMYDRMJ40NPPVEPF1XGDW,subs_01KG2NJE0GTK6NP9QF5G5BDB0H,inv_01KJN1DBNM7EGZQSP2PWR7Z6FG,2026-02-01T00:00:00Z,2026-03-01T00:00:00Z,0.56,0.55,0.01,true,PC_1165672089,0.56,0.00,99.45,99.45,99.44
cust_01KG19ZKGDYDYD3AYJPX6TTEQP,subs_01KG2N9SCNMTPJXCN5QEAQWGC5,inv_01KJKBD7E8VJY48WADNB4TH2JV,2026-02-01T00:00:00Z,2026-03-01T00:00:00Z,3327.88,3327.87,0.01,true,PC_6975936189,3327.88,361.97,-393.40,0.00,-361.98
cust_01KFBE903E1SGEJ2F46M47TWWM,subs_01KFBE9080FSF1XY50HJCZE9AM,inv_01KJKBDS0H2CAAQ7R6WMTZ5M9K,2026-02-01T00:00:00Z,2026-03-01T00:00:00Z,2336.15,2336.14,0.01,true,PC_2666813133,2336.15,1757.73,-338.65,1419.08,-338.66
cust_01KFBDP8QB87Q5E729C8M5V37N,subs_01KFBDVEPMBPDVFZVFYBPN2X3J,inv_01KK9DTH3K33F372NT7PX0SAFM,2026-02-01T00:00:00Z,2026-03-01T00:00:00Z,381.93,381.92,0.01,true,PC_4207179778,381.93,130.21,236.89,367.10,236.88
cust_01KF0KC57C74QD9Z7F95SK87QM,subs_01KF0KCF9WRYTAS2F5KE72T3Y8,inv_01KGBE07PKBEMYMK3RB25M41RN,2026-01-15T10:31:48Z,2026-02-01T00:00:00Z,82261.84,82261.85,-0.01,true,0000004321,82261.84,0.00,0.00,0.00,0.01
cust_01KEM02VRNQRW1JJMK22DAQ271,subs_01KEM02VXW1TQNC9ZQ2F02B1CD,,2026-02-01T00:00:00Z,2026-03-01T00:00:00Z,3.23,,3.23,false,PC_3023615489,3.23,2.59,11.25,13.85,8.03
cust_01KEKWEDDPMCMV655QD5AVPDDZ,subs_01KEKWEDJ5DKA9ENH8H9BHB62E,inv_01KJN25NARCSDK4Q4C790WWNEA,2026-02-01T00:00:00Z,2026-03-01T00:00:00Z,0.78,0.79,-0.01,true,PC_5716618423,0.78,0.40,240.07,240.47,240.07
cust_01KEKWED3D528GQFRNDZY56MRA,subs_01KEKWEDBEZN6GN20BZJH0D291,,2026-02-01T00:00:00Z,2026-03-01T00:00:00Z,125068.67,,125068.67,false,PC_2985771250,125068.67,95495.79,119148.98,214449.20,-6115.26
cust_01KEKWED4R0K0JGQP4NZHVAASC,subs_01KEKWEDACHWVAJJ23SMQDPEGY,inv_01KJN1FHD0PZTCE4R39WER2SF5,2026-02-01T00:00:00Z,2026-03-01T00:00:00Z,53.84,50.17,3.67,true,PC_1551964864,53.84,10.54,85.68,96.22,82.01
cust_01KEKWECX8J1M2DMKFKGR3DPK1,subs_01KEKWED65ZGDFYS39FFVNXX2W,inv_01KJMG119H8Y1ATBWQDTW8GGDP,2026-02-01T00:00:00Z,2026-03-01T00:00:00Z,1139.10,1139.09,0.01,true,PC_3928422920,1139.10,869.75,1801.44,2671.20,1801.44
cust_01KEKWECGN3VC9H07T9Z4JK14F,subs_01KEKWECRT0NF1E9EAQY754ZEQ,inv_01KJN1FCBDKXBS3S6W5SQ443NZ,2026-02-01T00:00:00Z,2026-03-01T00:00:00Z,44.81,44.75,0.06,true,PC_4551217815,44.81,29.65,1515.74,1545.33,1515.62
cust_01KEKWECAYW8WCA08M7CSVC1VA,subs_01KEKWECQT9VS5J5KXHXTKVK8T,inv_01KK4147466YSAQPGQBW5QGNEK,2026-02-01T00:00:00Z,2026-03-01T00:00:00Z,18644.19,15457.61,3186.58,true,PC_1131822444,18644.19,2314.19,-445.42,1868.77,-3631.99
cust_01KEKWEBVN3Z2AA2032ZXXJ52J,subs_01KEKWEC52ZMTS0HDRJ6576NKV,inv_01KJN1GGHCJ6E9WCW2DA2J899T,2026-02-01T00:00:00Z,2026-03-01T00:00:00Z,2.38,0.59,1.79,true,PC_6186831678,2.38,4.49,87.51,92.00,85.72
cust_01KEKWEBC2NP0SSQAPF794BMYS,subs_01KEKWEBRCR7EK4HYKTSEQEJ82,,2026-02-01T00:00:00Z,2026-03-01T00:00:00Z,117769.66,,117769.66,false,PC_8878008817,117769.66,89922.65,40073.70,129803.53,-77888.78
cust_01KEKWEB5K5X3H4XH09M1AGC1J,subs_01KEKWEBCK38J83CR6DV39X6X2,inv_01KJKBRFNP7V5SZT9845AEMZW5,2026-02-01T00:00:00Z,2026-03-01T00:00:00Z,1906.60,1906.59,0.01,true,PC_6464370895,1906.60,536.43,-724.79,0.00,-536.44
cust_01KEKWEB4YMVSEC4F1156TJVZC,subs_01KEKWEBA958B37MHHQRJ0GTAS,inv_01KK43TWQ5HH0813ZZ88EG6ZY2,2026-02-01T00:00:00Z,2026-03-01T00:00:00Z,8939.10,2579.11,6359.99,true,PC_1613648974,8939.10,438.43,16710.84,17149.27,10350.85
cust_01KEKWEB0E0PD0AAT6VKTRS6A4,subs_01KEKWEB88K1G8N0X0VBDYETJP,inv_01KJN19FZM1ZMK7QFDV6BPTS6S,2026-02-01T00:00:00Z,2026-03-01T00:00:00Z,14.54,1.95,12.59,true,PC_4603305004,14.54,70.81,929.16,999.97,916.57
cust_01KEKWEAZ4W1VZYVQTP9Q7Q1K2,subs_01KEKWEB5PR9D05CW4K615P916,inv_01KJN1A4Q5M47AJ8PGGPG956V3,2026-02-01T00:00:00Z,2026-03-01T00:00:00Z,106.80,1.60,105.20,true,PC_4110047237,106.80,207.42,793.80,1001.22,688.59
cust_01KEKWEB30PKKAB1EVASM8ET5X,subs_01KEKWEB86RNPNKDHC15ZD8G1G,inv_01KK9AE8PD5WJFFBJVJX29AXZJ,2026-02-01T00:00:00Z,2026-03-01T00:00:00Z,49184.42,49183.92,0.50,true,PC_3365107493,49184.42,37646.42,-60508.01,0.00,-37646.92
cust_01KEKWEAHTC9G1510RKTJGKKK3,subs_01KEKWEAVJYYE7A9H6KANQ4QPW,inv_01KJN1G3RCGWZDE1SWN3BJFAD3,2026-02-01T00:00:00Z,2026-03-01T00:00:00Z,642.57,203.44,439.13,true,PC_5810889530,642.57,6721.23,4632.83,11351.24,4190.88
cust_01KEKWEAP74JCWZSC0432EWRP1,subs_01KEKWEATBFM74XYVK2HJXJNQ2,inv_01KJN1JC2J7WC48JYP0SPZ7VED,2026-02-01T00:00:00Z,2026-03-01T00:00:00Z,974.33,108.66,865.67,true,PC_0664086832,974.33,746.74,-871615.40,-870760.42,-872372.83
cust_01KEKWEAKQWN6MT4K336MTP1ZK,subs_01KEKWEAT7Q60TXNNHZVQY99S9,,2026-02-01T00:00:00Z,2026-03-01T00:00:00Z,118767.20,,118767.20,false,PC_4284979585,118767.20,90684.32,195366.71,285861.75,76410.23
cust_01KEKWEA0Z1ZFTVJA58RW1XZ0K,subs_01KEKWEA99T84PW5A93YZE8S31,inv_01KJN1ANC0HR8NKPCCP9Z2SD9X,2026-02-01T00:00:00Z,2026-03-01T00:00:00Z,5606.67,0.05,5606.62,true,PC_6600081631,5606.67,10341.67,-1148.71,9192.96,-6755.33
cust_01KEKWE9M838Y73XRQXZ2471E7,subs_01KEKWE9XT908DVFCKJJ0660JA,,2026-02-01T00:00:00Z,2026-03-01T00:00:00Z,248050.53,,248050.53,false,PC_7806217967,248050.53,211142.57,154928.64,365845.25,-93347.84
cust_01KEKWE94CBYMSMR0VR4MCBAHC,subs_01KEKWE9C3J7HDZYGZMY91CS2Z,inv_01KJKBPM3SY1DVCJJ7BYQXCTDA,2026-02-01T00:00:00Z,2026-03-01T00:00:00Z,1017.11,1017.12,-0.01,true,PC_9520961012,1017.11,1270.67,708.05,1978.39,707.73
cust_01KEKWE93E7XCV037HJW4PFQRT,subs_01KEKWE9AXH7G7JR2KYXT9ME02,inv_01KJKC7T9M7GPB1FHCSTK68RT9,2026-02-01T00:00:00Z,2026-03-01T00:00:00Z,50214.41,50214.43,-0.02,true,PC_3094447944,50214.41,36461.08,117974.43,154431.06,117969.99
cust_01KEKWE91YKDQH1NVQS2Y446FE,subs_01KEKWE976D3BS4PNC02HZX5HN,inv_01KJN1ANCQ462VJDCQ4XMF9MYY,2026-02-01T00:00:00Z,2026-03-01T00:00:00Z,10536.07,6897.19,3638.88,true,PC_8855259458,10536.07,6816.62,-59.64,6753.70,-3701.79
cust_01KEKWE933KJ88MYJ58GM59HK6,subs_01KEKWE99NA5P7ATJ97YTJ05S3,,2026-02-01T00:00:00Z,2026-03-01T00:00:00Z,250.34,,250.34,false,PC_2088815188,250.34,191.14,-774.48,-583.34,-1024.82
cust_01KEKWE8JRN7K5DQSWR8K2YGFS,subs_01KEKWE8SMVKZD686FP81X8KWX,inv_01KJN19VBVCDY8JQWMMSQTR6V2,2026-02-01T00:00:00Z,2026-03-01T00:00:00Z,2213.14,1085.52,1127.62,true,PC_1895689115,2213.14,8144.41,-2057.13,6085.47,-3186.56
cust_01KEKWE8FXJMN33D23CM1EDDE5,subs_01KEKWE8PY9SVP9RZ2C04ED4VP,inv_01KJN27HFHT1J2250GGA8JS8PZ,2026-02-01T00:00:00Z,2026-03-01T00:00:00Z,31.45,31.16,0.29,true,PC_8952615854,31.45,13.67,135.65,149.31,135.35
cust_01KEKWE8B3CS6WAHWC3G5HNT3T,subs_01KEKWE8N177Q833J0MZ2843T0,inv_01KJN1ESXYA5H4H89W5ZC73027,2026-02-01T00:00:00Z,2026-03-01T00:00:00Z,32.68,23.19,9.49,true,PC_9854063492,32.68,0.00,7037.11,7037.11,7027.62
cust_01KEKWE8FA6P2WZBJ7A53KXX5J,subs_01KEKWE8MH1YY908C23XYNRQG2,inv_01KJN0MKKGJ6579MDAP3TEMWYF,2026-02-01T00:00:00Z,2026-03-01T00:00:00Z,0.39,0.16,0.23,true,PC_7731005553,0.39,0.00,1872.27,1872.27,1872.04
cust_01KEKWE86TYHXK4P4BHQT22S45,subs_01KEKWE8H50BG2BJZ27DBZ5CRX,,2026-02-01T00:00:00Z,2026-03-01T00:00:00Z,360.81,,360.81,false,PC_5530089343,360.81,308.43,1025.42,1333.85,664.62
cust_01KEKWE7XVB6SBVK0P44XE06SN,subs_01KEKWE84AHPC9N9B8QRTJGATP,,2026-02-01T00:00:00Z,2026-03-01T00:00:00Z,237.03,,237.03,false,PC_5394883721,237.03,180.99,-387.07,-206.19,-624.21
cust_01KEKWE7CP793EK73TY01K3ZN9,subs_01KEKWE7K33XHFGH292YM76FDR,,2026-02-01T00:00:00Z,2026-03-01T00:00:00Z,66.50,,66.50,false,PC_2361523021,66.50,50.78,-458.63,-407.85,-525.13
cust_01KEKWE7BGMSSR246SW8X11J7R,subs_01KEKWE7KGRREK3D4VWCYY8FCH,inv_01KK9DDK6YXVCGSMFR3A7MXXVN,2026-02-01T00:00:00Z,2026-03-01T00:00:00Z,24526.31,24526.30,0.01,true,PC_3591047825,24526.31,9672.63,10123.78,20000.00,10327.37
cust_01KEKWE758ZYAY72CSZCM3TTFJ,subs_01KEKWE7CKBPDGDHEPY96QCTDA,inv_01KJN0J59XZ5P380VATP28T8RJ,2026-02-01T00:00:00Z,2026-03-01T00:00:00Z,0.06,0.04,0.02,true,PC_5625127033,0.06,0.00,9.93,9.93,9.91
cust_01KEKWE7CSBPXYVBXVGY3SB36R,subs_01KEKWE7HR5M6BMK7BTV0YK4C0,,2026-02-01T00:00:00Z,2026-03-01T00:00:00Z,29.23,,29.23,false,PC_8255880975,29.23,2.81,185.54,188.35,156.31
cust_01KEKWE6XRJTMCJNF0XVE2Q1PM,subs_01KEKWE76BY5MZ0RCK8HSFE8JB,inv_01KJN1DR1T94BYYCX39PXW0G66,2026-02-01T00:00:00Z,2026-03-01T00:00:00Z,0.02,0.01,0.01,true,PC_0491585507,0.02,0.01,473.18,473.19,473.16
cust_01KEKWE6Z06FM4T3JDEV0V3B92,subs_01KEKWE74QZ2HCVQHF7SBNZCX5,,2026-02-01T00:00:00Z,2026-03-01T00:00:00Z,511.60,,511.60,false,PC_4140637628,511.60,390.63,8203.83,8594.46,7692.24
cust_01KEKWE6VH9SWSW9AM5RJMEBVQ,subs_01KEKWE72TPZ3Y632SSHD8K7A9,,2026-02-01T00:00:00Z,2026-03-01T00:00:00Z,2278.20,,2278.20,false,PC_8105190744,2278.20,1739.51,8298.74,10037.26,6019.56
cust_01KEKWE6NMJP2ZS7G37MYP94BM,subs_01KEKWE6XV6WCKY6KQ5VDHK9VV,,2026-02-01T00:00:00Z,2026-03-01T00:00:00Z,133.01,,133.01,false,PC_9353050982,133.01,101.56,-907.20,-805.86,-1040.42
cust_01KEKWE6XRJTMCJNF0XRF67JRA,subs_01KEKWE72Y74WVFHWTDRXZK0ME,,2026-02-01T00:00:00Z,2026-03-01T00:00:00Z,2411.68,,2411.68,false,PC_9042867341,2411.68,573.04,60191.35,60763.84,57779.12
cust_01KEKWE67GMX2GSPB54C35T9PV,subs_01KEKWE6J9THZPFK1TK8WV83SY,,2026-02-01T00:00:00Z,2026-03-01T00:00:00Z,1280.65,,1280.65,false,PC_9386357218,1280.65,977.84,20780.38,21758.22,19499.73
cust_01KEKWE6ATXCDR0H0G8QMAH3RQ,subs_01KEKWE6J5A0VARYZHVJY773X1,,2026-02-01T00:00:00Z,2026-03-01T00:00:00Z,711.10,,711.10,false,PC_5076815799,711.10,542.96,2029.56,2572.20,1318.13
cust_01KEKWE68ZTK5Q3ZFYH7F46GXC,subs_01KEKWE6J9THZPFK1TKC0T5NJ4,inv_01KJN28CXTJEEJFP97C2XA2XGT,2026-02-01T00:00:00Z,2026-03-01T00:00:00Z,2784.41,1774.74,1009.67,true,PC_0180305059,2784.41,190.74,-31474.84,-29509.39,-30709.80
cust_01KEKWE65P6696E8HESNCP171W,subs_01KEKWE6EWF4JVGFE924FCZJZ2,inv_01KJN23CJXSEYM37STFGMS995S,2026-02-01T00:00:00Z,2026-03-01T00:00:00Z,724.28,310.52,413.76,true,PC_1855682750,724.28,246.04,551.06,796.27,136.47
cust_01KEKWE645V9MK9S0BCQPQXTJ6,subs_01KEKWE6AEHF87ZMTJSG5VPF52,inv_01KJN28F7VZTVW4AKZAKCM8TC1,2026-02-01T00:00:00Z,2026-03-01T00:00:00Z,8366.19,8335.38,30.81,true,PC_8932542625,8366.19,1813.38,-1793.10,19.75,-1824.44
cust_01KEKWE5GR1E28R97WAJGFZXDQ,subs_01KEKWE5P7VFNPPB9GWF42QZB8,inv_01KJN24CMVAX4DZ24G151F81SN,2026-02-01T00:00:00Z,2026-03-01T00:00:00Z,2546.61,848.95,1697.66,true,PC_8740568318,2546.61,6506.42,3016.51,9509.36,1305.29
cust_01KEKWE5CWBQWHM576P1GS6P94,subs_01KEKWE5KNSPM6R2R144KFA0Q1,inv_01KJN26AX6GE1TEZ3XFNF8BE8E,2026-02-01T00:00:00Z,2026-03-01T00:00:00Z,4686.93,3053.21,1633.72,true,PC_8991705385,4686.93,1865.44,1309.76,3174.04,-325.12
cust_01KEKWE56WBY3PZV19P3ZABPX9,subs_01KEKWE5BRF3VW1Q02WDJHWK2J,,2026-02-01T00:00:00Z,2026-03-01T00:00:00Z,170.53,,170.53,false,PC_0605148070,170.53,130.21,606.67,736.88,436.14
cust_01KEKWE533RWRPQWVQXXV7Y204,subs_01KEKWE58MBEFP02VW4450EJHH,inv_01KJN266QTE5PX6VYF5HEPQ8FC,2026-02-01T00:00:00Z,2026-03-01T00:00:00Z,21418.37,4433.68,16984.69,true,PC_0042689845,21418.37,16295.47,51648.78,67936.39,34656.23
cust_01KEKWE4Y8HPXF9PZNXJZKW6FB,subs_01KEKWE56AGAM63TKHXNQEA3H6,inv_01KJN1FM55M0V7DNG4KPK7MJ3C,2026-02-01T00:00:00Z,2026-03-01T00:00:00Z,41.55,5.08,36.47,true,PC_7019839944,41.55,62.01,82.87,144.88,46.40
cust_01KEKWE4V7WY71598HGBZ97NXY,subs_01KEKWE53E1DEFS0BVZFNCN122,inv_01KJKC75830PYMC0BTVF764G2T,2026-02-01T00:00:00Z,2026-03-01T00:00:00Z,4075.88,4075.87,0.01,true,PC_7475592988,4075.88,947.93,670.64,1617.74,669.80
cust_01KEKWE4MR31SQGNJYE6P8RP2P,subs_01KEKWE4SSRMHQGBY653WFEGAR,inv_01KJN2X3TA5Y4A2BMXC15B35DN,2026-02-01T00:00:00Z,2026-03-01T00:00:00Z,13.81,5.45,8.36,true,PC_2381454023,13.81,11.24,7043.50,7054.74,7035.14
cust_01KEKWE47VG3ZN13QMGQ51QT24,subs_01KEKWE4DT6K0WQKXH9N40Z5QJ,inv_01KK4483F2WRCT7QC6XACQBCYQ,2026-02-01T00:00:00Z,2026-03-01T00:00:00Z,172.63,172.62,0.01,true,PC_5965860211,172.63,84.85,75.76,160.61,75.74
cust_01KEKWE43YVAEY2SY1Q2V3AMT9,subs_01KEKWE4923BV22JKFX75N60N0,,2026-02-01T00:00:00Z,2026-03-01T00:00:00Z,20703.72,,20703.72,false,PC_2664373710,20703.72,21264.27,8191.00,29454.99,-12513.00
cust_01KEKWE3QBS4XNW0YXFE38JJAS,subs_01KEKWE418PWDZ4XP92R96TP67,inv_01KJN2738RZHE1G4AWGZGZ99DK,2026-02-01T00:00:00Z,2026-03-01T00:00:00Z,88.46,88.44,0.02,true,PC_7361071150,88.46,4.68,6721.33,6726.00,6721.30
cust_01KEKWE3P3XB5T7JW9170Q09JP,subs_01KEKWE3VWBKJ4R323A7XWWXSM,,2026-02-01T00:00:00Z,2026-03-01T00:00:00Z,303.54,,303.54,false,PC_3653269408,303.54,231.77,-623.61,-391.95,-927.25
cust_01KEKWE3MXK1PZD9JCVZAKTKTG,subs_01KEKWE3TGW923C5FEWF1EMBQ2,inv_01KJN0HA8VPKCA7E7HVPVJXJMD,2026-02-01T00:00:00Z,2026-03-01T00:00:00Z,1.18,0.24,0.94,true,PC_7753614934,1.18,0.00,19736.09,19736.09,19735.15
cust_01KEKWE34N7PTXZ2X590HC1Y3S,subs_01KEKWE39PE24RM87WBMQQPCFB,,2026-02-01T00:00:00Z,2026-03-01T00:00:00Z,6947.48,,6947.48,false,PC_9742068846,6947.48,5034.49,2316.10,7349.19,-4632.78
cust_01KEKWE2J8F0TD2M2842HQ5EK5,subs_01KEKWE2RYYW87FEP0EZ4B6TTG,inv_01KJKJWK3HMDZJ1504C6NANQDS,2026-02-01T00:00:00Z,2026-03-01T00:00:00Z,407.20,407.21,-0.01,true,PC_8121911816,407.20,0.00,-1000.73,-593.52,-593.52
cust_01KEKWE1XK40E3TPG9X26GYTGZ,subs_01KEKWE24EA1V83CSHZ6QR7E2Z,,2026-02-01T00:00:00Z,2026-03-01T00:00:00Z,311.45,,311.45,false,PC_4143016775,311.45,0.00,307.42,307.42,-4.03
cust_01KEKWE1V4W7AEJHVR6PT57SB4,subs_01KEKWE20R4F0153E20VGQ5HNK,,2026-02-01T00:00:00Z,2026-03-01T00:00:00Z,53.20,,53.20,false,PC_0617502833,53.20,40.62,-383.17,-342.55,-436.38
cust_01KEKWE1K5020PV31WVQ7XHJQA,subs_01KEKWE1TNM9Y22KN2BFMWC86Z,inv_01KK9CNWBVN10WYG6V8JWQAWZP,2026-02-01T00:00:00Z,2026-03-01T00:00:00Z,149.34,149.35,-0.01,true,PC_9649521885,149.34,3.17,14.57,17.74,14.58
cust_01KEKWE1HY2A6SJ413J3DQEMEB,subs_01KEKWE1SRJCPXVR93RNX59SJ2,,2026-02-01T00:00:00Z,2026-03-01T00:00:00Z,1948.38,,1948.38,false,PC_3737508413,1948.38,366.26,2570.38,2936.09,621.45
cust_01KEKWE1AAJK1Y629QMJ84B6A5,subs_01KEKWE1K5DD4QPABXP9VG961T,,2026-02-01T00:00:00Z,2026-03-01T00:00:00Z,170.53,,170.53,false,PC_7987609430,170.53,129.98,8138.07,8268.05,7967.54
cust_01KEKWE192NYQTXRTV4CFK16VN,subs_01KEKWE1FMD7QVZADVAF3D4ZY1,inv_01KK9DR6F8K0XNCPBTM610603A,2026-02-01T00:00:00Z,2026-03-01T00:00:00Z,891.40,891.39,0.01,true,PC_5907940423,891.40,536.43,386.70,923.05,386.60
cust_01KEKWE0MG8WEF4WDAQ0MMQT4R,subs_01KEKWE0TZ4VTK0Q70G5JTRS12,,2026-02-01T00:00:00Z,2026-03-01T00:00:00Z,6341.82,,6341.82,false,PC_7371233539,6341.82,4500.86,14852.55,19352.39,8509.71
cust_01KEKWE02RVWF16ZTWW7AT3NJ9,subs_01KEKWE09EAQ2HXG7H4K1Q6FNE,,2026-02-01T00:00:00Z,2026-03-01T00:00:00Z,170.53,,170.53,false,PC_8426453991,170.53,16.99,89.61,106.60,-80.93
cust_01KEKWE00PMGF6FSQ4H4BBGHTN,subs_01KEKWE081934RTW02GQEY62FP,,2026-02-01T00:00:00Z,2026-03-01T00:00:00Z,53.20,,53.20,false,PC_1569725188,53.20,40.62,-520.30,-479.72,-573.55
cust_01KEKWE00ZC0A474XBA8PKT781,subs_01KEKWE09BKWDF77CN0ANFV73P,inv_01KJKQ6SC1JZVHW3823MVPTK04,2026-02-01T00:00:00Z,2026-03-01T00:00:00Z,184.94,184.95,-0.01,true,PC_1838753460,184.94,728.62,186.39,915.00,186.39
cust_01KEKWDZRYH83XZCRBZ9BAP50A,subs_01KEKWDZY197QTXNXKAYBKAGQ7,inv_01KJN1JEEFMRK9BHAT31BFXE5J,2026-02-01T00:00:00Z,2026-03-01T00:00:00Z,12.01,11.82,0.19,true,PC_2545737396,12.01,0.20,9973.15,9973.35,9972.96
cust_01KEKWDZN1V7TSZ58G0A65MH6V,subs_01KEKWDZT8N94J97TDJ6VF7YZ5,inv_01KJKVGR1MWZDPKXA6FW0PT2CE,2026-02-01T00:00:00Z,2026-03-01T00:00:00Z,50.66,50.67,-0.01,true,PC_7447043111,50.66,111.22,-55.65,55.57,-55.64
cust_01KEKWDZH1SFEHVZ6CWN42D59R,subs_01KEKWDZRTSQAS3ECT7CQ85W6N,inv_01KJKC7B4SG8ZKGEV0EQHBWK3X,2026-02-01T00:00:00Z,2026-03-01T00:00:00Z,10545.71,10545.70,0.01,true,PC_1093072769,10545.71,6307.73,2508.41,8815.05,2507.31
cust_01KEKWDYZX9FYM703Q290YAD35,subs_01KEKWDZ5QYJM4GRE60X8HMQ10,inv_01KJKC3Z5CXACDGQDQPACC19XG,2026-02-01T00:00:00Z,2026-03-01T00:00:00Z,25.31,25.30,0.01,true,PC_9381639072,25.31,0.00,117.75,117.75,117.74
cust_01KEKWDYPEQ7KJ0BPKXV8DAGQ2,subs_01KEKWDYWVS95SFNSNES0NCB5Y,inv_01KJN245DX3BTZG1B9PTZQQSZ0,2026-02-01T00:00:00Z,2026-03-01T00:00:00Z,4004.05,3317.29,686.76,true,PC_2465768538,4004.05,1145.77,2385.00,3528.59,1696.06
cust_01KEKWDYHMCSDPH65AFX20XJ5E,subs_01KEKWDYVMX879425Z45AZARKJ,inv_01KJN1GCGC7DGMZ6AP8KH8M81R,2026-02-01T00:00:00Z,2026-03-01T00:00:00Z,4.25,3.75,0.50,true,PC_6815304335,4.25,0.03,99.37,99.40,98.87
cust_01KEKWDY0E7NDDV4PZ65WE6CFQ,subs_01KEKWDY7KR5T00K88AE7P3ZVP,inv_01KJKQ6X0B7HE0246RX0Y50KV6,2026-02-01T00:00:00Z,2026-03-01T00:00:00Z,325.20,325.19,0.01,true,PC_2722936598,325.20,13.09,207.50,220.59,207.49
cust_01KEKWDXS79QTY2GNC5W0J7VAA,subs_01KEKWDY0EZP741B0QJRH2WV22,,2026-02-01T00:00:00Z,2026-03-01T00:00:00Z,136878.88,,136878.88,false,PC_9242080066,136878.88,104513.43,82503.78,186803.93,-54588.37
cust_01KEKWDXNWR0JCGHAWD1NSP9D3,subs_01KEKWDXVYYHS6AZ0WAAAJ0NWK,inv_01KK3WA0NG8FTAT7WTM1GJTFZG,2026-02-01T00:00:00Z,2026-03-01T00:00:00Z,13542.30,13540.73,1.57,true,PC_8003329691,13542.30,11896.94,24280.78,36176.21,24277.70
cust_01KEKWDXHQD5YPXNQ6R0A48Z8M,subs_01KEKWDXS4GH6V7ZQP9Z5ZXBYD,inv_01KJKC5RYV9RDHF270QDWZQRAE,2026-02-01T00:00:00Z,2026-03-01T00:00:00Z,735.11,735.10,0.01,true,PC_6426155293,735.11,561.29,9404.76,9965.38,9404.08
cust_01KEKWDXMJRPRJ8HB9C2JJHH5W,subs_01KEKWDXVK3Y9TT0DCT7FBWWFR,inv_01KJKC6H1CC0H4J84VTJJ5N40N,2026-02-01T00:00:00Z,2026-03-01T00:00:00Z,212376.16,212376.15,0.01,true,PC_4263758737,212376.16,93822.40,-46697.83,47122.39,-46700.02
cust_01KEKWDXA41VRNMXSBMA019AA9,subs_01KEKWDXF8PKAPSQHVA5D7EJPN,,2026-02-01T00:00:00Z,2026-03-01T00:00:00Z,170.53,,170.53,false,PC_9236581980,170.53,129.91,-1220.17,-1090.26,-1390.70
cust_01KEKWDXA54DSM3HY23VN415NZ,subs_01KEKWDXFH6KGTCAXQS9PARYV6,,2026-02-01T00:00:00Z,2026-03-01T00:00:00Z,170.53,,170.53,false,PC_1297829007,170.53,112.61,234.61,347.22,64.07
cust_01KEKWDXAJT01XP0SH5W9R0Y9G,subs_01KEKWDXE9PYWWE0RRGDMRPG5G,,2026-02-01T00:00:00Z,2026-03-01T00:00:00Z,1500.62,,1500.62,false,PC_9087475766,1500.62,1145.80,2511.80,3655.42,1009.00
cust_01KEKWDX1DMVPA01482P1WY8GG,subs_01KEKWDX8VHYEATK8PNT270X8H,inv_01KJM8BHSY39X2YQ0NKFANBMQ0,2026-02-01T00:00:00Z,2026-03-01T00:00:00Z,272.69,272.71,-0.02,true,PC_1668186567,272.69,0.00,21.82,21.82,21.84
cust_01KEKWDWSSHMDVAGD12YRNP8ZS,subs_01KEKWDX1CN201VFE9C9M156WR,inv_01KJN1GYAES4KYHRV55C0V46GJ,2026-02-01T00:00:00Z,2026-03-01T00:00:00Z,20718.87,18974.14,1744.73,true,PC_7655600597,20718.87,1424.27,9535.03,10957.95,7788.95
cust_01KEKWDW9GQ1M0BRV3J0NQEPQK,subs_01KEKWDWFXMN91S8QVN1R8HMYK,inv_01KJKQ71X6ZJ4T0J4P4RM7642P,2026-02-01T00:00:00Z,2026-03-01T00:00:00Z,7480.42,7480.41,0.01,true,PC_4386405185,7480.42,5593.26,8272.56,13865.82,8272.55
cust_01KEKWDW5RPWXYJE6RTAQ7Y84K,subs_01KEKWDWD3KV5GV6SGAYBRMN9H,inv_01KJKBSVWYK96C5EPDXZR4C04Z,2026-02-01T00:00:00Z,2026-03-01T00:00:00Z,75.52,75.54,-0.02,true,PC_9177001012,75.52,22.79,121.22,144.01,121.24
cust_01KEKWDVXD4VQ50MYJNWGFE4PD,subs_01KEKWDW5QYN1XYZ6QY1ZBDNS9,inv_01KJN1GXPBF6VFD4VFRMNNV06T,2026-02-01T00:00:00Z,2026-03-01T00:00:00Z,13.31,5.89,7.42,true,PC_9676155304,13.31,6.81,3524.67,3531.48,3517.25
cust_01KEKWDVSMZQ1X3BKB6M0E9FCB,subs_01KEKWDVXNR3EJC4C4J5C88XX1,,2026-02-01T00:00:00Z,2026-03-01T00:00:00Z,2508.70,,2508.70,false,PC_0105827807,2508.70,1707.77,1454.99,3161.70,-1054.76
cust_01KEKWDVQ66R1FSJ8C9ZF0WQQN,subs_01KEKWDVWE23JCT5STZS037RP1,inv_01KJKVGS10QXGTEY0BMYG0J1EX,2026-02-01T00:00:00Z,2026-03-01T00:00:00Z,325.39,325.38,0.01,true,PC_2560408905,325.39,260.42,284.07,544.49,284.06
cust_01KEKWDV8H8CXZM1296TW86GBH,subs_01KEKWDVE35SPPAG34S62S1XFR,inv_01KJKZQSD0X8RJ819ZFRETEV6A,2026-02-01T00:00:00Z,2026-03-01T00:00:00Z,84.70,84.71,-0.01,true,PC_0643339129,84.70,110.79,5776.16,5886.94,5776.15
cust_01KEKWDTW4Z0Z229HZRVPS0XMF,subs_01KEKWDV3HXEXXT8E5XWERGN1N,inv_01KJMKGQB0MQ1XW302C31ZDJE9,2026-02-01T00:00:00Z,2026-03-01T00:00:00Z,2006.14,2006.13,0.01,true,PC_1054831002,2006.14,384.10,-544.14,0.00,-384.10
cust_01KEKWDTTS6MXBM6JJVJEF3YXC,subs_01KEKWDV1YXA3ZC98JQENKPS0W,inv_01KJKZQZYQMHV003Z79KRQK2W4,2026-02-01T00:00:00Z,2026-03-01T00:00:00Z,4574.04,4574.05,-0.01,true,PC_8593705908,4574.04,220.45,584.81,805.27,584.83
cust_01KEKWDTDV7TXRJ3BV01T95HYV,subs_01KEKWDTT2JZW02HZ1HW6R49WE,inv_01KJM8B7XV3WNECE2BYEBVE5BQ,2026-02-01T00:00:00Z,2026-03-01T00:00:00Z,150.68,150.69,-0.01,true,PC_7792197790,150.68,4.04,550.48,554.52,550.48
cust_01KEKWDT8JT35GMZPA01X8XSTT,subs_01KEKWDTD3WTJH92R3NYWHG6QY,inv_01KJKQ7ADAFFGDG3906FEHWTSG,2026-02-01T00:00:00Z,2026-03-01T00:00:00Z,10729.41,10732.41,-3.00,true,PC_4165080353,10729.41,0.00,-1007.72,0.00,3.00
cust_01KEKWDT35RC8TQ2JRN7EMKPPS,subs_01KEKWDTA6B2H9AYS6CRJT13J7,inv_01KJMKGTVEZY4M2ZKVH3PYPQQF,2026-02-01T00:00:00Z,2026-03-01T00:00:00Z,50.60,50.59,0.01,true,PC_8157735777,50.60,42.23,293.73,335.96,293.73
cust_01KEKWDT062ZRK69PTEWAC1YS6,subs_01KEKWDT80KHGQK898NK3RW21R,inv_01KJKQ7T3HPF4D4ZK17HKPTWYD,2026-02-01T00:00:00Z,2026-03-01T00:00:00Z,0.24,0.23,0.01,true,PC_7352942850,0.24,0.00,37.48,37.48,37.48
cust_01KEKWDSQ9WWBYBG6NNXCRZAK6,subs_01KEKWDSXTG4X7BVMBQSR17PSM,inv_01KJKC7APAAE5XBYJSEWHZ9P98,2026-02-01T00:00:00Z,2026-03-01T00:00:00Z,7.36,7.35,0.01,true,PC_9726497732,7.36,27.46,62.53,89.99,62.53
cust_01KEKWDSFK7V067GJP3ZP5C14M,subs_01KEKWDSP375KRFRDR91SSC453,inv_01KJKC1JFFR6N78WDV41GDPD1D,2026-02-01T00:00:00Z,2026-03-01T00:00:00Z,4611.60,4611.56,0.04,true,PC_0897875857,4611.60,0.00,2980.59,2980.59,2980.55
cust_01KEKWDSDHWEFDRK4HVSQTA7WK,subs_01KEKWDSGX439FWHNHYY9QEVP2,inv_01KJKVGFHFG5WPA1T57CHJ8GYE,2026-02-01T00:00:00Z,2026-03-01T00:00:00Z,1389.66,1389.65,0.01,true,PC_1672967063,1389.66,192.21,-254.10,0.00,-192.22
cust_01KEKWDRVQRR8XZ1N5AWFYJ8MG,subs_01KEKWDS13R96AHHW22NGSBAPT,inv_01KJN0MQ4176T0ZKTD016WSH87,2026-02-01T00:00:00Z,2026-03-01T00:00:00Z,6967.53,4656.54,2310.99,true,PC_3118910518,6967.53,7039.18,-991499.18,-979806.88,-989157.04
cust_01KEKWDRTQBPB8VYX0K7W7H9X8,subs_01KEKWDS09HTN4DMB83NSCRBGM,inv_01KK9CXTVDZ278MGS580REYXWY,2026-02-01T00:00:00Z,2026-03-01T00:00:00Z,145968.55,145959.02,9.53,true,PC_2552197821,145968.55,47563.37,49604.33,97159.67,49586.78
cust_01KEKWDR7X64GPKKQPQ65FD5H0,subs_01KEKWDRF0HJC9BZERJN4R8R7Y,inv_01KJKQ63ZBYPACMEWYXB2TZGES,2026-02-01T00:00:00Z,2026-03-01T00:00:00Z,331.24,331.23,0.01,true,PC_2255791381,331.24,112.73,3282.92,3395.65,3282.92
cust_01KEKWDR1H7ANZEPFC23E8D50G,subs_01KEKWDR941J9X8F01ZKRVCFRZ,inv_01KJKZQY5YBPG4MF7GP44PQ18A,2026-02-01T00:00:00Z,2026-03-01T00:00:00Z,250.34,250.33,0.01,true,PC_1057214242,250.34,191.14,-753.36,-311.93,-503.07
cust_01KEKWDQSPANS1R1TDQPPBX4GW,subs_01KEKWDQZ2F7JXXGGRDY3Z8X5M,inv_01KJKC6RY410EP3TPW5B3Q5E5R,2026-02-01T00:00:00Z,2026-03-01T00:00:00Z,967.87,967.88,-0.01,true,PC_5165372881,967.87,832.50,1323.62,2155.95,1323.47
cust_01KEKWDQ90WPCAT0M623HT5TP0,subs_01KEKWDQETW7WZRVF5X8BNRPRJ,inv_01KJKBJH8AMM4VPMYZ8X3875BM,2026-02-01T00:00:00Z,2026-03-01T00:00:00Z,270.29,270.28,0.01,true,PC_8824724491,270.29,81.98,-1000.93,-648.67,-730.65
cust_01KEKWDPMC5HG9HANT4H0QQ5WS,subs_01KEKWDPY471PMHWQHDKVKH06W,inv_01KJKC7FRAS5NCQX3Y1E7PQP86,2026-02-01T00:00:00Z,2026-03-01T00:00:00Z,5.68,5.69,-0.01,true,PC_2773001442,5.68,2.87,876.47,879.34,876.48
cust_01KEKWDPJVCGH831DA2YPG8NHG,subs_01KEKWDPY7ZP9HWV8T91YX04DG,inv_01KJKQ7V71HE6X149G60DEH8AN,2026-02-01T00:00:00Z,2026-03-01T00:00:00Z,1.25,1.26,-0.01,true,PC_4824272616,1.25,1.02,97.24,98.27,97.25
cust_01KEKPWJE7W11VS49PZBQWCHXD,subs_01KEKPWJNKCZTFV97VX7CXE1CF,inv_01KJKZR2NZAPX4M71J2EQKQ727,2026-02-01T00:00:00Z,2026-03-01T00:00:00Z,0.44,0.43,0.01,true,PC_0763054587,0.44,0.00,99.53,99.53,99.52
cust_01KEKPW1P0G620H98SHMP8PAT7,subs_01KEKPW1ZTEAXERWDCB4R66STQ,inv_01KJKC1RB1ATDPAV7Y3TT3CH24,2026-02-01T00:00:00Z,2026-03-01T00:00:00Z,3689.07,3689.06,0.01,true,PC_9318532999,3689.07,0.00,-10446.36,-6757.30,-6757.31
cust_01KEKPS4YQSW9X4G2Z712Q1TDQ,subs_01KEKPS56X6W2EJQ3BDQTG02RZ,inv_01KJKESSN60YS55NN2QGNZWWPK,2026-02-01T00:00:00Z,2026-03-01T00:00:00Z,29.23,1808.88,-1779.65,true,PC_5002070420,29.23,2.81,-1813.39,-1.70,1775.14
cust_01KEKPRVFQYYG00JRM9T6GP1WV,subs_01KEKPRVP59F0E397G7MTKFX8Y,inv_01KJKEXN3AXQ3W7ZSV5987RY11,2026-02-01T00:00:00Z,2026-03-01T00:00:00Z,102002.54,102002.55,-0.01,true,PC_0267324922,102002.54,109.48,-261900.04,-159788.29,-159897.76
cust_01KEKPQNXMKKWPRTM131DBQCTJ,subs_01KEKPQP42FXQ79Z36H05S2V0B,inv_01KK9D21ZYN2V7RD1W2TZM1XAW,2026-02-01T00:00:00Z,2026-03-01T00:00:00Z,605.80,605.79,0.01,true,PC_4720717143,605.80,986.20,-29.50,956.20,-30.00
cust_01KEKPNPN5GNGX8NG1VTJB2R6J,subs_01KEKPNQ04XEQ32KQPAEHFM2GR,inv_01KJKC0PBNBVQPAD7VGQYWPCK7,2026-02-01T00:00:00Z,2026-03-01T00:00:00Z,204.67,204.66,0.01,true,PC_2468657919,204.67,260.42,34.92,295.34,34.91
cust_01KEKPJPDGH4G94E9R0KRP4KKH,subs_01KEKPJPK318J14Q03WZGC1P4P,inv_01KJMQT7MHHS9R5QE38ZWDG8HW,2026-02-01T00:00:00Z,2026-03-01T00:00:00Z,0.05,0.12,-0.07,true,PC_9196761901,0.05,0.00,9.34,9.34,9.41
cust_01KEKPJBG0QQ367T92HYHR4658,subs_01KEKPJC158A5M8VG09BCFMAWS,,2026-02-01T00:00:00Z,2026-03-01T00:00:00Z,364.10,,364.10,false,PC_5191319906,364.10,130.21,259.57,389.50,-104.81
cust_01KEKPHWZF7BFMGR8H20QEP04R,subs_01KEKPHX73QNVX2FB5YAA2S2MV,,2026-02-01T00:00:00Z,2026-03-01T00:00:00Z,0.22,,0.22,false,PC_2374059791,0.22,0.00,11.00,11.00,10.78
cust_01KEKPHQM0K7H7EFE5QKY2MVQ5,subs_01KEKPHQTTJEJSN80PSA1KATHZ,inv_01KJN1JMD4S6BDTN8YP9Q71A4Z,2026-02-01T00:00:00Z,2026-03-01T00:00:00Z,0.06,0.12,-0.06,true,PC_6130524257,0.06,0.00,147.51,147.51,147.58
cust_01KEKPHKFFZ4MR56NMS1JWYY4G,subs_01KEKPHKPFAG3GQB5V8NF06MFD,,2026-02-01T00:00:00Z,2026-03-01T00:00:00Z,405.05,,405.05,false,PC_6693121797,405.05,441.89,545.12,983.73,136.79
cust_01KEKPHJCPTM9Y6KH5721FZ86A,subs_01KEKPHJKA432X2W11CTY5WANG,,2026-02-01T00:00:00Z,2026-03-01T00:00:00Z,4.35,,4.35,false,PC_8108951584,4.35,0.00,6.47,6.47,2.13
cust_01KEKPHFRHZ4R57SK842DW2PW8,subs_01KEKPHFX9N4P1VTZ1TVB71KXW,inv_01KJN27PPRC6Z1YK7N4XG0APET,2026-02-01T00:00:00Z,2026-03-01T00:00:00Z,0.07,0.12,-0.05,true,PC_1691332546,0.07,0.04,89.71,89.79,89.80
cust_01KEKPH7Z2V3WFV9M6YM2BS9DD,subs_01KEKPH83QX9R85TG7WHM9THCV,inv_01KJN1G79NJB8YE63EMR025HTM,2026-02-01T00:00:00Z,2026-03-01T00:00:00Z,18.95,16.47,2.48,true,PC_2464918278,18.95,1483.78,1485.02,2967.61,1481.35
cust_01KEKPF4XPPD42HPF52M19HDDN,subs_01KEKPF53BN493259TDTSAH708,inv_01KJN27WHX0GP59WN40PYBE4MA,2026-02-01T00:00:00Z,2026-03-01T00:00:00Z,45.16,16.58,28.58,true,PC_1322785355,45.16,0.00,23.18,23.18,-5.40
cust_01KC6N1SDJMR5ZRFAC6XS9XHJB,subs_01KC6N2QVWE4VWF6SR2A08KB5J,inv_01KJN2833WPWK91KAYAX6757K7,2026-02-01T00:00:00Z,2026-03-01T00:00:00Z,571135.94,54964.71,516171.23,true,OFS_DR_4515228937,571135.94,460760.29,0.00,0.00,-976931.52
cust_01KC6N1SDJMR5ZRFAC6XS9XHJB,subs_01KC6N2QVWE4VWF6SR2A08KB5J,inv_01KGBBRNV7E6B4WR1Q9F9FDQJX,2026-01-01T00:00:00Z,2026-02-01T00:00:00Z,358880.21,357041.61,1838.60,true,OFS_DR_4515228937,358880.21,1031896.23,0.00,0.00,-1033734.83
cust_01KC6N2D2Q4GXRHVKC794SCYGZ,subs_01KC6N379SV64BFHPYVG3VWXMB,inv_01KGC2S0DNPECTKC7H8Y39FW0Z,2026-01-01T00:00:00Z,2026-02-01T00:00:00Z,554128.46,554128.43,0.03,true,OFS_PD_0386339362,554128.46,1679003.85,0.00,0.00,-1679003.87
cust_01K9Y3SVGPYE8BGDKYXB3NY1DF,subs_01K9Y3T5HFTDDZHB7KN7XB2XWH,inv_01KJMX0A142DMG83P5R53DG35M,2026-02-01T00:00:00Z,2026-03-01T00:00:00Z,4902900.01,4902900.02,-0.01,true,9334410994,4902900.01,1884266.99,0.00,0.00,-1884266.98
cust_01K9Y3SVGPYE8BGDKYXB3NY1DF,subs_01K9Y3T5HFTDDZHB7KN7XB2XWH,inv_01KGC3Z4JFDFCQQ4RF6WAGJ0XB,2026-01-01T00:00:00Z,2026-02-01T00:00:00Z,4676428.30,4676428.27,0.03,true,9334410994,4676428.30,6787167.00,0.00,0.00,-6787167.03
cust_01KC13TC6GDW947PHKD37XRJDB,subs_01KC148CPG4M5ZSX4CST8DF2Y6,inv_01KJMWWR9MXCQMRXY0RV735BZD,2026-02-01T00:00:00Z,2026-03-01T00:00:00Z,27869443.89,27869443.88,0.01,true,OFS_PD_1369675546,27869443.89,8517874.51,0.00,0.00,-8517874.52
cust_01KC13TC6GDW947PHKD37XRJDB,subs_01KC148CPG4M5ZSX4CST8DF2Y6,inv_01KGC3SG3BJYH15BNY3EDBR71J,2026-01-01T00:00:00Z,2026-02-01T00:00:00Z,35728381.13,35728380.25,0.88,true,OFS_PD_1369675546,35728381.13,36387318.40,0.00,0.00,-36387319.28
cust_01K9Y3RPHAPAGZKARMDPDK06JH,subs_01K9Y3S3K8H15X3EPXR6H9QNXE,inv_01KJMWNV53XXME3QKA1XBJANMR,2026-02-01T00:00:00Z,2026-03-01T00:00:00Z,1463510.40,1463510.38,0.02,true,5559714992,1463510.40,180992.65,0.00,0.00,-180992.66
cust_01K9Y3RPHAPAGZKARMDPDK06JH,subs_01K9Y3S3K8H15X3EPXR6H9QNXE,inv_01KGC2XHYZWVAH8MRGBHJQCES8,2026-01-01T00:00:00Z,2026-02-01T00:00:00Z,1585926.51,1585926.50,0.01,true,5559714992,1585926.51,1644503.04,0.00,0.00,-1644503.05
cust_01K9Y3KHEP1M5YQWJ36XZQZNZF,subs_01K9Y3M553R2B8WBC58SAZM0M8,inv_01KGC2X5VRXP7M2ZDBMFRH40WZ,2026-01-01T00:00:00Z,2026-02-01T00:00:00Z,1326310.70,1326310.69,0.01,true,2758817355,1326310.70,1237525.24,0.00,0.00,-1237525.25
cust_01K7GGEPNG31PAPK675VXTZ9V5,subs_01K7GGNM06WPEHK3WNMW0E3MD3,inv_01KJMX4VYQJ9PNPW4XW1B22C5Q,2026-02-01T00:00:00Z,2026-03-01T00:00:00Z,247189568.02,247189568.00,0.02,true,8867783298,247189568.02,81345207.43,0.00,0.00,-81345207.45
cust_01K7GGEPNG31PAPK675VXTZ9V5,subs_01K7GGNM06WPEHK3WNMW0E3MD3,inv_01KGC3ZCA1Y2J14F210F9Q5X0B,2026-01-01T00:00:00Z,2026-02-01T00:00:00Z,166372726.53,166372726.59,-0.06,true,8867783298,166372726.53,328534775.44,0.00,0.00,-328534775.38
cust_01K7GGF6Z6XV9ZPX7Z7111GJPB,subs_01K7GGN6S9DWNHDZARHBH800DT,inv_01KJMX2WV4VW55YNBW2432WJKP,2026-02-01T00:00:00Z,2026-03-01T00:00:00Z,88528885.28,88528885.23,0.05,true,1816040426,88528885.28,31980913.98,0.00,0.00,-31980914.03
cust_01K7GGG4B3SR29YCVRAW4AJADP,subs_01K7GGKVZE337RAACBMJQM4434,inv_01KJMWG97HH5VD87132K8XXGTF,2026-02-01T00:00:00Z,2026-03-01T00:00:00Z,2139094.40,2139094.39,0.01,true,3397369015,2139094.40,472129.82,0.00,0.00,-472129.83
cust_01K7GGG4B3SR29YCVRAW4AJADP,subs_01K7GGKVZE337RAACBMJQM4434,inv_01KGC4NATZT0B7BWH40VXK5GPG,2026-01-01T00:00:00Z,2026-02-01T00:00:00Z,2301296.90,2301296.91,-0.01,true,3397369015,2301296.90,2611224.22,0.00,0.00,-2611224.21
cust_01K7GGFNVT6V33N80087YRRZJH,subs_01K7GGM9J8KWDJVR0M3XEEYJ6Q,inv_01KJMWPP24J4DFQ0C4NHBYV85B,2026-02-01T00:00:00Z,2026-03-01T00:00:00Z,7066108.71,7066108.70,0.01,true,9476227242,7066108.71,2297033.33,0.00,0.00,-2297033.34
cust_01K7GGFNVT6V33N80087YRRZJH,subs_01K7GGM9J8KWDJVR0M3XEEYJ6Q,inv_01KGC2X1A2R4QZB1031ZZ3KTQE,2026-01-01T00:00:00Z,2026-02-01T00:00:00Z,7702725.54,7702725.55,-0.01,true,9476227242,7702725.54,9363142.04,0.00,0.00,-9363142.04
cust_01K7GGJEHDP4ZVQ4QT63MECDE3,subs_01K7GGKAM8MHH6T1CQKXR57909,inv_01KJMW7P70TVXSF4JQ990K2Q6V,2026-02-01T00:00:00Z,2026-03-01T00:00:00Z,3230336.93,3230336.92,0.01,true,4825736408,3230336.93,1007764.94,0.00,0.00,-1007764.95
cust_01K7GGJEHDP4ZVQ4QT63MECDE3,subs_01K7GGKAM8MHH6T1CQKXR57909,inv_01KGBC4A3G40XNEEJTBG8P4VP3,2026-01-01T00:00:00Z,2026-02-01T00:00:00Z,3139811.92,3139811.94,-0.02,true,4825736408,3139811.92,4238101.87,0.00,0.00,-4238101.85
