customer_id,subscription_id,invoice_id,period_start,period_end,analytics_amount,invoice_subtotal,diff,invoice_generated
cust_01KJH57CJ14NPE1Q50WZW8APGP,subs_01KJH57CK0E5S81FFVYB3T0BHM,inv_01KJKB3WQ6X99Q4ADSC2SJWHAS,2026-02-28T00:00:00Z,2026-03-01T00:00:00Z,0.03,0.02,0.01,TRUE
cust_01KJCNFW449WMWX8KGEQXVVXKD,subs_01KJCNFW5AG86JZD6H80X9DZKM,inv_01KJKB4Q2KX4Y58KX6QB2RN61T,2026-02-26T00:00:00Z,2026-03-01T00:00:00Z,0.06,0.06,0,TRUE
cust_01KJCM722Q2182YX2N9F3KF36J,subs_01KJCM723FHBQ0GANQQM7KW4TZ,inv_01KJKB45WY6RQYEQBCDVEHDVBG,2026-02-26T00:00:00Z,2026-03-01T00:00:00Z,7.79,7.79,0,TRUE
cust_01KJANZFPN9AP5N3XR4C6WBJ70,subs_01KJANZFQMCFKZ0FGAEQ19WVD8,inv_01KJKB4X483VQ0Q9GEJCSGMQY9,2026-02-25T00:00:00Z,2026-03-01T00:00:00Z,2.32,2.32,0,TRUE
cust_01KJA2AZFRYAGV847SESG6T842,subs_01KJA2AZGSYGVZHN47NVQ65N6C,inv_01KJKEHNJMAWDQXNCZ26NAN38Z,2026-02-25T00:00:00Z,2026-03-01T00:00:00Z,0.01,0.01,0,TRUE
cust_01KJ9QE198FWTCQ1A7883VWB6Y,subs_01KJ9QE1AARJK8Q92NKY4D07HC,inv_01KJKEHR3KMJR6BZE44WR3R1S7,2026-02-25T00:00:00Z,2026-03-01T00:00:00Z,19.07,19.06,0.01,TRUE
cust_01KJ9FARMA8WX2WMM0T9R8M86X,subs_01KJ9FARNAD65ASQ5HT9NDNPKS,inv_01KJKB5087YSYJ496S71VENK3F,2026-02-25T00:00:00Z,2026-03-01T00:00:00Z,3.07,3.07,0,TRUE
cust_01KJ2Y1W3EPP5HSEVWPXN4PTR9,subs_01KJ2Y1W4E0FW1KB11W7C8BRHQ,inv_01KJKB517CCKN3NBWZBGEVWNFW,2026-02-22T00:00:00Z,2026-03-01T00:00:00Z,0.04,0.03,0.01,TRUE
cust_01KHZW4JFA38H78HCKF4K68S29,subs_01KHZW4JG55RRZSJT350BT3X74,inv_01KJKB5CYMS3MFHDP4GFH5YZ8T,2026-02-21T00:00:00Z,2026-03-01T00:00:00Z,0.43,0.43,0,TRUE
cust_01KHWR9D1X6583N5M11PBRH860,subs_01KHWR9D2PFFMMEZ9W814YPXW0,inv_01KJKJV00ZS2MW163GYJ8KT6JA,2026-02-20T00:00:00Z,2026-03-01T00:00:00Z,0.41,0.41,0,TRUE
cust_01KHTZBYNTBDDQXVDS3P3JFNYP,subs_01KHTZBYPREYMNR0P1A4PQK9XH,,2026-02-19T00:00:00Z,2026-03-01T00:00:00Z,0,,0,FALSE
cust_01KHTHPD06J8EF8PRFMZTSS636,subs_01KHTHPD15F8EAWEK4BMPVYJPD,inv_01KJKB888Q0Z6DFACBGZT0AAEN,2026-02-19T00:00:00Z,2026-03-01T00:00:00Z,0.45,0.46,-0.01,TRUE
cust_01KHT1EM28VHVNR0ETKP92Y2B2,subs_01KHT1EM38MQC837ZT3G2SCP27,inv_01KJKB5ZDMBKCZHFTR10JEXZQ3,2026-02-19T00:00:00Z,2026-03-01T00:00:00Z,0.04,0.03,0.01,TRUE
cust_01KHRES27DR7J0Y1FNFT682SS4,subs_01KHRES28CGQ0QK003E6KP3RWJ,inv_01KJKEJCT0C830HXANDREASFKX,2026-02-18T00:00:00Z,2026-03-01T00:00:00Z,13.53,13.54,-0.01,TRUE
cust_01KHQRE58VCN1R4YDD588XYMSD,subs_01KHQRE59Q3Y5M2TF1ZGJA5K74,inv_01KJKEJDFN30NGNVQZZTSTBAR1,2026-02-18T00:00:00Z,2026-03-01T00:00:00Z,11068.2,11074.8,-6.6,TRUE
cust_01KHPKHCYEGVHX18ENBBDRTH4G,subs_01KHPKHCZEV0ZHVMGSQDMEY2S1,inv_01KJKB61BGCJGS8VWCC4VSD5PW,2026-02-17T00:00:00Z,2026-03-01T00:00:00Z,0.51,0.51,0,TRUE
cust_01KHKH8TVXQBRSATRN4XT4SD4C,subs_01KHKH8TWXA9MY4AWAY0FV1FW5,inv_01KJKEJ1D4RYHWASGF97BG3X3H,2026-02-16T00:00:00Z,2026-03-01T00:00:00Z,4.21,4.21,0,TRUE
cust_01KHGX6KXJ7WXVBAK6X49MT3GY,subs_01KHGX6KYHJN1KNAD0METGZCV4,inv_01KJKBB1KY3Y5DW7MWR3W4KF6J,2026-02-15T00:00:00Z,2026-03-01T00:00:00Z,8.8,8.8,0,TRUE
cust_01KHDARD7BK308ATPSS4MA1JFK,subs_01KHDARD8CG07BR5FJ8AD8EDW7,inv_01KJKBBAA9Y85B63RJ5F81Y7VX,2026-02-14T00:00:00Z,2026-03-01T00:00:00Z,0.06,0.05,0.01,TRUE
cust_01KHDC05XA078Q3ZESAESNTKKS,subs_01KHDC05Y6FN9RMT6C0VXK6NXZ,inv_01KJKB6SSBX6K8PFMRMG9XMTTT,2026-02-14T00:00:00Z,2026-03-01T00:00:00Z,6.81,6.81,0,TRUE
cust_01KHAXKZ2EZE1V71EF5MRAMJAD,subs_01KHAXKZ3KF13H31NE0AMBB37B,inv_01KJKEJDK9Z6DYTEG2DZ00B6B0,2026-02-13T00:00:00Z,2026-03-01T00:00:00Z,21.69,21.69,0,TRUE
cust_01KH8WMG26WVZ25F1G6QYECE0W,subs_01KH8WMG339MWN5YPTPH724ENX,inv_01KJKBA5JRPDRZAPCAAAPE3FTN,2026-02-12T00:00:00Z,2026-03-01T00:00:00Z,0.01,0.01,0,TRUE
cust_01KH3JFC1STG5WKWT2TKKEM45W,subs_01KH3JFC2N0CGR0JCKY1KEYE8A,inv_01KJKB70WXS7HHFEANS7Y4TRKT,2026-02-10T00:00:00Z,2026-03-01T00:00:00Z,1219.75,1219.75,0,TRUE
cust_01KGTZT8N2ZS59J496RMD8Z91K,subs_01KGTZT8NZSRH23BS38Y9RJBRK,inv_01KJKBBP0X1ERAR0KGXKJFBMN2,2026-02-07T00:00:00Z,2026-03-01T00:00:00Z,0.3,0.3,0,TRUE
cust_01KGW0ESCHS7C0JHPREM05QNXC,subs_01KGW0ESDER1XYBPVM94JG48ZZ,inv_01KJKEJT63SC5DPHXR3PW71MXP,2026-02-07T00:00:00Z,2026-03-01T00:00:00Z,0.01,0.01,0,TRUE
cust_01KGKKQ32QWPNT36VX2D8FEBM6,subs_01KGKKQ33R6JM16Z3Z4F73CS07,inv_01KJKEJYZVC891F0MT3Y1J54M2,2026-02-04T00:00:00Z,2026-03-01T00:00:00Z,0.35,0.36,-0.01,TRUE
cust_01KGK6SFS88QE2M08ZMEQHY44M,subs_01KGK6SFT9DSRZY3QMV5CHG633,inv_01KJKEJZ5CB5WSF30HMPB3ZZNW,2026-02-04T00:00:00Z,2026-03-01T00:00:00Z,0.45,0.45,0,TRUE
cust_01KGHW6YBZ1RFPEKECB17G0XJM,subs_01KGHW6YCNCYQ0KH18TFF3J5XR,inv_01KJKBAWN0G4291RA5PNQ7PK2D,2026-02-03T00:00:00Z,2026-03-01T00:00:00Z,0.63,0.62,0.01,TRUE
cust_01KGFBAHZDGBC6VEDQEWH0DRCR,subs_01KGFBAJ0B887STNCXXXD2KB71,inv_01KJKB9YNDJJ0HH200GKPQRTSV,2026-02-02T00:00:00Z,2026-03-01T00:00:00Z,19.64,19.64,0,TRUE
cust_01KGBSM4X99XSGD5ZB14KFSQ50,subs_01KGBSM4Y3W0ZE6CFM06A36027,inv_01KJKBDP92X28CEV26BQ7A9BJB,2026-02-01T00:00:00Z,2026-03-01T00:00:00Z,0.92,0.92,0,TRUE
cust_01KFYWNHP22T5Q1904JCWQDNYZ,subs_01KFYWNHQ1DDDME83MPRV11998,inv_01KJKBD0SXMZAQA4N3YG50384H,2026-02-01T00:00:00Z,2026-03-01T00:00:00Z,8.17,8.17,0,TRUE
cust_01KFYRHCZYV0DXJQM3EEP0NH9A,subs_01KFYRHD0S69P6XWGFRV2BDSAM,inv_01KGB84B692TXR8NCDR4GN7ZYR,2026-01-27T00:00:00Z,2026-02-01T00:00:00Z,0.09,0.09,0,TRUE
cust_01KFXBDMK5PB1TA7J4DDYJ4XBV,subs_01KFXBDMM2YN0T470FP2E3EG3P,inv_01KGB84N8HF8V01RRN2SPFR5JH,2026-01-26T00:00:00Z,2026-02-01T00:00:00Z,1.68,1.68,0,TRUE
cust_01KFWVN3GYWC76B2A1KMKS8XKN,subs_01KFWVN3J1SGX5RVHAME9XER64,inv_01KGB84NB8SXJ93ZNSM8BYPEGK,2026-01-26T00:00:00Z,2026-02-01T00:00:00Z,0.99,0.99,0,TRUE
cust_01KFP070NAR9QTJAVKQ7Q6M3GQ,subs_01KFP070PC116Q7TGXS7PGP7H2,,2026-02-01T00:00:00Z,2026-03-01T00:00:00Z,280902.72,,280902.72,FALSE
cust_01KFP070NAR9QTJAVKQ7Q6M3GQ,subs_01KFP070PC116Q7TGXS7PGP7H2,inv_01KGB83SGPV9YZ1X58CCT7NSS6,2026-01-23T00:00:00Z,2026-02-01T00:00:00Z,85708.08,3277.11,82430.97,TRUE
cust_01KFA2T1PTDMQK7R1WREY6YWH2,subs_01KFA2T1QP7QY2NMNWXECVCHN9,inv_01KGB85JV3CATX1DSEK686XJS3,2026-01-19T00:00:00Z,2026-02-01T00:00:00Z,0.05,0.05,0,TRUE
cust_01KF6MCNTDMXGRZRTK47SRK0JV,subs_01KF6MCNV9CS4QT3TPT4EK6NKF,inv_01KGB85JN2KRPTMDGVDVZB8R6B,2026-01-17T00:00:00Z,2026-02-01T00:00:00Z,0.54,0.54,0,TRUE
cust_01KF0V7XX9PNCA6YK8WK1Y8T2Y,subs_01KF0V7XY71GJVCBHKKKAPYDB2,inv_01KJKBE2P22KEASAE50VSSA9DC,2026-02-01T00:00:00Z,2026-03-01T00:00:00Z,1363.1,1363.09,0.01,TRUE
cust_01KF0V7XX9PNCA6YK8WK1Y8T2Y,subs_01KF0V7XY71GJVCBHKKKAPYDB2,inv_01KGBC30KG95F7KJGHC1E0AJ81,2026-01-15T00:00:00Z,2026-02-01T00:00:00Z,1098.46,1098.46,0,TRUE
cust_01KEY4ZQDDGZAKZD9DT0VESTEF,subs_01KEY4ZQE7YPN92111DPWB94WF,inv_01KGBC4D7E8Q75E2KSCV6D42DZ,2026-01-14T00:00:00Z,2026-02-01T00:00:00Z,499.39,499.39,0,TRUE
cust_01KEYAGYDZ0VKQR87K2J5F7RQQ,subs_01KEYAGYERVQCXNNHKPHTK492G,inv_01KGBC33E4S7Q2QD10JZRDYECM,2026-01-14T00:00:00Z,2026-02-01T00:00:00Z,1.86,1.86,0,TRUE
cust_01KEE87TRP5NNXSK21XBXBSV7M,subs_01KEE87TSGBZ6JXAYZXEAS5PJ6,inv_01KGB9TBKP8J6WT8WWK7H8327Y,2026-01-08T00:00:00Z,2026-02-01T00:00:00Z,1.04,1.04,0,TRUE
cust_01KEEMVHPX6PSNCAM76PDR9XWT,subs_01KEEMVHQZWE3N3QVGGYJDDKF1,,2026-02-01T00:00:00Z,2026-03-01T00:00:00Z,280413.5,,280413.5,FALSE
cust_01KEEMVHPX6PSNCAM76PDR9XWT,subs_01KEEMVHQZWE3N3QVGGYJDDKF1,inv_01KGB9RTCX8PX42HQ6WRFF7M72,2026-01-08T00:00:00Z,2026-02-01T00:00:00Z,160507.67,1211.6,159296.07,TRUE
cust_01KEE1AP8G90AP054WMR37TV9Q,subs_01KEE1AP9D5H69HX363BCVVN7J,inv_01KGB9QZM88QJTTBWE06AZ3MMD,2026-01-08T00:00:00Z,2026-02-01T00:00:00Z,0.33,0.32,0.01,TRUE
cust_01KE8YJV4PBY7NWJ7P7AS78HMW,subs_01KE8YJV7J3WTSP87M5W6SFYZJ,inv_01KGBCDW5CGH0JK88VKC14JP7J,2026-01-06T00:00:00Z,2026-02-01T00:00:00Z,0.44,0.43,0.01,TRUE
cust_01KE82RVNTKKZGPWZY4MP9XFGA,subs_01KE82RVPQTV3PA4GBSTA5Y2TC,inv_01KGBCDW89VTWW5A7MH0GV11P4,2026-01-05T00:00:00Z,2026-02-01T00:00:00Z,0.24,0.24,0,TRUE
cust_01KE6Z4G4ZAX5Q9MJ8TRE3DB22,subs_01KE6Z4G81AB3SS87MNKTCSR1A,,2026-01-05T00:00:00Z,2026-02-01T00:00:00Z,0,,0,FALSE
cust_01KDSHGM1DJQZ8JPHKKX0BS1JX,subs_01KDSHGM2803W43QRW6MX3DFYW,inv_01KKTPFRA092249F5KR46PNQ46,2026-02-01T00:00:00Z,2026-03-01T00:00:00Z,531795,531801.6,-6.6,TRUE
cust_01KDSHGM1DJQZ8JPHKKX0BS1JX,subs_01KDSHGM2803W43QRW6MX3DFYW,inv_01KGB9RHKBKPK3JTBWEDEXBSPH,2026-01-01T00:00:00Z,2026-02-01T00:00:00Z,489211.8,489640.8,-429,TRUE
cust_01KDMN5Q6FD4A725TD7QB0869F,subs_01KDMN5Q7B68BTCETQPX0882VK,inv_01KGB9S3Z3S10GFXJCAJ05B7AX,2026-01-01T00:00:00Z,2026-02-01T00:00:00Z,0.48,0.48,0,TRUE
cust_01KDD7A458BN6BP5P840QADZJV,subs_01KDD7A46AT2M2CNPAX5MZQKJM,inv_01KJN21R8VBTBR4GKPH098HADD,2026-02-01T00:00:00Z,2026-03-01T00:00:00Z,198.33,198.33,0,TRUE
cust_01KDD7A458BN6BP5P840QADZJV,subs_01KDD7A46AT2M2CNPAX5MZQKJM,inv_01KGBCESVN896CXQMGTET07N0K,2026-01-01T00:00:00Z,2026-02-01T00:00:00Z,1949.62,1969.45,-19.83,TRUE
cust_01KD7SWPDZSFVEGMAB39N5XQH2,subs_01KD7SWPF1J2QTG2P4Q1QETV6K,inv_01KGB9RYCW827F8DAH7CNPMF89,2026-01-01T00:00:00Z,2026-02-01T00:00:00Z,11002.16,11016.04,-13.88,TRUE
cust_01KD2S715NQ24SRTSRHVT87AKB,subs_01KD2S716JP61VX62577B965F9,,2026-02-01T00:00:00Z,2026-03-01T00:00:00Z,0,,0,FALSE
cust_01KD2S715NQ24SRTSRHVT87AKB,subs_01KD2S716JP61VX62577B965F9,inv_01KGB9VDP3P18YTHBZSNZG9CYA,2026-01-01T00:00:00Z,2026-02-01T00:00:00Z,646.33,646.33,0,TRUE
cust_01KCTG2XZRRTE7SMH236W3PAK4,subs_01KCTG2Y0V333T03B4VK4XSXSQ,,2026-02-01T00:00:00Z,2026-03-01T00:00:00Z,9260.32,,9260.32,FALSE
cust_01KCTG2XZRRTE7SMH236W3PAK4,subs_01KCTG2Y0V333T03B4VK4XSXSQ,inv_01KGBCEWWZ47KFEFYNQ2HA698J,2026-01-01T00:00:00Z,2026-02-01T00:00:00Z,1818.21,1818.21,0,TRUE
cust_01KCGQQQ6A5NAGNZ92BJX443Z6,subs_01KCGQQQ76FYMK187520T5V29M,inv_01KGBD23VFM6BY2CN75HJVRYZV,2026-01-01T00:00:00Z,2026-02-01T00:00:00Z,2.99,0.91,2.08,TRUE
cust_01KC8V2TFW8FC27FAF470Y8NW9,subs_01KC8V2TGZ3G9BF51RFSE3NH9E,inv_01KJN0SFBVEZ9MDTTHKAZ5V95P,2026-02-01T00:00:00Z,2026-03-01T00:00:00Z,0.28,0.28,0,TRUE
cust_01KC8KTN1V5GCFW7V10DENQJ6R,subs_01KC8KTN2QKPCKHB3EXA6AYQCF,inv_01KJN0SDNQ1C05898CX0AWQXBP,2026-02-01T00:00:00Z,2026-03-01T00:00:00Z,9.43,9.43,0,TRUE
cust_01KC8KTN1V5GCFW7V10DENQJ6R,subs_01KC8KTN2QKPCKHB3EXA6AYQCF,inv_01KGBBWKEXH5WC8Q4DV6KNM34N,2026-01-01T00:00:00Z,2026-02-01T00:00:00Z,11737.93,95.53,11642.4,TRUE
cust_01KBJ16J4H3CFW065MSD3EZFAS,subs_01KBJ16J5AHYY8EMA7F13DHVT6,inv_01KJN23KQ3KYXAFC5KHWX5QB3A,2026-02-01T00:00:00Z,2026-03-01T00:00:00Z,4.95,4.95,0,TRUE
cust_01KBJ16J4H3CFW065MSD3EZFAS,subs_01KBJ16J5AHYY8EMA7F13DHVT6,inv_01KGBD660ZAQYBZKX433CARV0G,2026-01-01T00:00:00Z,2026-02-01T00:00:00Z,0.01,0.01,0,TRUE
cust_01KAZZVH1MJ1K3GEQHZFM1EJ48,subs_01KAZZVH2Q6MZAR0S62A3JSKCN,inv_01KJN1BQ2RPZB5DD7WTZ442PKQ,2026-02-01T00:00:00Z,2026-03-01T00:00:00Z,0.77,0.76,0.01,TRUE
cust_01KATTGWW4SCZ26WE2CWHXWHVP,subs_01KATTGWX01AMCJ0QPRNFPG01P,inv_01KJN0SM4VR9VQ3C2HWN6JE68C,2026-02-01T00:00:00Z,2026-03-01T00:00:00Z,1395.13,1395.13,0,TRUE
cust_01KAWPFF548CT0GKC61CJHS7DF,subs_01KAWPFF685ZBBS3CSK6NN0MSH,inv_01KJN0SV4A322CY8G8FCFBNETG,2026-02-01T00:00:00Z,2026-03-01T00:00:00Z,2.66,2.66,0,TRUE
cust_01K74889ARQ866QAA8G6GHAAVR,subs_01K74889BJ207KX1SZ76DPYYB4,inv_01KGC2KTP2X3847A8B3AXEVK5W,2026-01-01T00:00:00Z,2026-02-01T00:00:00Z,4377.41,4393.59,-16.18,TRUE
cust_01K6YST11K4SSVZZY1RB4RAWM5,subs_01K6YST12F63C5Y4NX4TSZ6VSX,inv_01KJN1BX999RXDRE7Q6WJTP60J,2026-02-01T00:00:00Z,2026-03-01T00:00:00Z,0.53,0.53,0,TRUE
cust_01K6X7X9XZ21DV1HGN4YA3Y5Q9,subs_01K6X7X9YT5ZSNBRF0PBH3CGB7,inv_01KGBC017G3ZBA57GXCMSXSEZA,2026-01-01T00:00:00Z,2026-02-01T00:00:00Z,1.58,1.59,-0.01,TRUE
cust_01K6X7E6G6C3C12BEX5FMYBS6G,subs_01K6X7E6H3WTE9A53EV3HKWMY1,inv_01KGBC01SEWK669V4KYFNM5S1Q,2026-01-01T00:00:00Z,2026-02-01T00:00:00Z,73.38,73.38,0,TRUE
cust_01K6Z1T432SPQ9S487E7ZMY0R5,subs_01K6Z1T43ZFPRAB4XYK2KPVPQ2,inv_01KJN6B2SHZF1MW06992197NGQ,2026-02-01T00:00:00Z,2026-03-01T00:00:00Z,7814359.15,7814475.02,-115.87,TRUE
cust_01K6Z1T432SPQ9S487E7ZMY0R5,subs_01K6Z1T43ZFPRAB4XYK2KPVPQ2,inv_01KGBBY797QCJ4TZVHQY292MZ1,2026-01-01T00:00:00Z,2026-02-01T00:00:00Z,5356823.98,5356823.98,0,TRUE
cust_01K5YNM45C0XB14RX1QRRDW1XW,subs_01K5YNM4629G8V0P7FKD1BVHQN,inv_01KGBC0SABWP3X5J3ANHHY9VEF,2026-01-01T00:00:00Z,2026-02-01T00:00:00Z,2.69,2.69,0,TRUE
cust_01K5YNDP3CWYPK6KTVWZKMAYB1,subs_01K5YNDP49AAJSK9K45T7988RK,inv_01KJN23VZ6QV16JDRDZ6KZ9DVS,2026-02-01T00:00:00Z,2026-03-01T00:00:00Z,13.83,13.84,-0.01,TRUE
cust_01K5YN4X4HPQNGVEQ6V6AEX25J,subs_01K5YN4X5GJPWJ89BR5DGVT6CV,inv_01KGBC1BFY4YEHE3PQ30BPTEX2,2026-01-01T00:00:00Z,2026-02-01T00:00:00Z,1072.21,1072.21,0,TRUE
cust_01K5YMTB2VZ1TCVC0MA1GZA2RX,subs_01K5YMTB3QY7WX53W9Q9ZZ7SEP,inv_01KJN0W895B317R1G31KPA9HYP,2026-02-01T00:00:00Z,2026-03-01T00:00:00Z,3.89,3.88,0.01,TRUE
cust_01K5YMJ5BKRR47ZJGAYQSXG7BA,subs_01K5YMJ5CE80SD81PRBD8D0W7T,inv_01KGBD31TQWCA47QN3HDKZJ8EN,2026-01-01T00:00:00Z,2026-02-01T00:00:00Z,0.2,0.2,0,TRUE
cust_01K5XPQFVNQD50WVK1XJH0AP4Y,subs_01K5XPQFWFM0RNT7R3K271NQNG,inv_01KJN0WYHCV2TN7WJGYA1M0ZGW,2026-02-01T00:00:00Z,2026-03-01T00:00:00Z,1727789.05,1727808.85,-19.8,TRUE
cust_01K5XPQFVNQD50WVK1XJH0AP4Y,subs_01K5XPQFWFM0RNT7R3K271NQNG,inv_01KGBC2BKV4QG62PD0SG0KMHX0,2026-01-01T00:00:00Z,2026-02-01T00:00:00Z,2407422.07,4845580.89,-2438158.82,TRUE
cust_01K5VZ2TMP44S2TVT8QS3D6B6Q,subs_01K5VZ2TNFTB035AGH64W0AYAE,inv_01KJN0WY2TQSXCZ86069Z4CZEA,2026-02-01T00:00:00Z,2026-03-01T00:00:00Z,621088.13,621107.92,-19.79,TRUE
cust_01K5VZ2TMP44S2TVT8QS3D6B6Q,subs_01K5VZ2TNFTB035AGH64W0AYAE,inv_01KGBC20D2614RYATVM3XF1XT5,2026-01-01T00:00:00Z,2026-02-01T00:00:00Z,553077.09,7580.53,545496.56,TRUE