customer_id,subscription_id,invoice_id,period_start,period_end,analytics_amount,invoice_subtotal,diff,invoice_generated
cust_01KJHP87PYDHDJ3BF94RS7Q2FT,subs_01KJHP87QNXHQ6ZZHMQ6EAXA9A,,2026-02-28T00:00:00Z,2026-03-01T00:00:00Z,0.00,,0.00,false
cust_01KJJKY63MBCW807AB8X68G6A3,subs_01KJJKY64P1R1NQEYV4TXR0SRA,inv_01KJKB3T8H8WGB3FGPKWNRV347,2026-02-28T00:00:00Z,2026-03-01T00:00:00Z,0.01,0.01,0.00,true
cust_01KJD1YZV2TFRNDD9JD7W2CJX8,subs_01KJD1YZW2WA9FPNBWMZVCQ73M,inv_01KJKEHYBGQ8P0WWFD071XKWGB,2026-02-26T00:00:00Z,2026-03-01T00:00:00Z,0.01,0.01,0.00,true
cust_01KJCJA6TTT0HP4HTRDBT90HZC,subs_01KJCJA6VZSK7HGFAG53RKE3JA,inv_01KJKB4B0QR5QV0P5ZG2CKC9CV,2026-02-26T00:00:00Z,2026-03-01T00:00:00Z,0.36,0.36,0.00,true
cust_01KJCHVK8VFPW4S53TKCM94YE1,subs_01KJCHVK9VJ779H8D71D2K62FE,,2026-02-26T00:00:00Z,2026-03-01T00:00:00Z,0.00,,0.00,false
cust_01KJARPRTW6TYVS65MW2FMVEFW,subs_01KJARPRVVDVEEEG0QRPCQEFWV,,2026-02-25T00:00:00Z,2026-03-01T00:00:00Z,0.00,,0.00,false
cust_01KJ9ZBTJDP8XNCMA48DV1BT14,subs_01KJ9ZBTQ974S0E75R9P7VNKH5,inv_01KJKEHP80794Z0BMFB2YJ6JDM,2026-02-25T00:00:00Z,2026-03-01T00:00:00Z,51.20,51.33,-0.13,true
cust_01KJ87B441G45H8563T5XPVN6M,subs_01KJ87B4560GXWW0N31SJYFYAF,inv_01KJKB4JPKR0EBP6V2X1STDQQF,2026-02-24T00:00:00Z,2026-03-01T00:00:00Z,1.69,1.70,-0.01,true
cust_01KJ7M0Q7FH36WHWWSJGVEZ3C2,subs_01KJ7M0Q8FXBJZHRE7YRK6W4RQ,,2026-02-24T00:00:00Z,2026-03-01T00:00:00Z,0.00,,0.00,false
cust_01KJ7G71YD6C6WD1KQ5YD66GN3,subs_01KJ7G71ZBYSPPPT4CVMMYCFKV,inv_01KJKB5W5TRZV559Q1DWC3P7CF,2026-02-24T00:00:00Z,2026-03-01T00:00:00Z,0.01,0.01,0.00,true
cust_01KJ7G71YD6C6WD1KQ5YD66GN3,subs_01KJ7G723TNGGB3R86RTA7QBHP,inv_01KJKB5V6PDMFK76HG07SQJ11Z,2026-02-24T00:00:00Z,2026-03-01T00:00:00Z,0.87,0.87,0.00,true
cust_01KJ7FXK7KRKCX1SJ2M0AT7QQ3,subs_01KJ7FXK8P1FVC5TDBEKWB90FT,,2026-02-24T00:00:00Z,2026-03-01T00:00:00Z,0.00,,0.00,false
cust_01KJ7C5EXCE15KMKYBFV8ZW91E,subs_01KJ7C5F1VH3WVAYTHY4KWYBVP,inv_01KJKB65Z4GCJRJ1Y0ZJ2G6GYW,2026-02-24T00:00:00Z,2026-03-01T00:00:00Z,0.55,0.55,0.00,true
cust_01KJ7C5EXCE15KMKYBFV8ZW91E,subs_01KJ7C5EYCF71G7KA3BTA13M82,,2026-02-24T00:00:00Z,2026-03-01T00:00:00Z,0.00,,0.00,false
cust_01KJ51Y3BS1RKNXQ9S948Y7G3C,subs_01KJ51Y3CVM7T7V16MAAHDT7TA,,2026-02-23T00:00:00Z,2026-03-01T00:00:00Z,0.00,,0.00,false
cust_01KJ4WGBCE1P3KRV7Q9937BXEF,subs_01KJ4WGBDB16674GHDSGG9TTBG,,2026-02-23T00:00:00Z,2026-03-01T00:00:00Z,0.00,,0.00,false
cust_01KJ4PWDEQ229W8N67BKZBEEXP,subs_01KJ4PWDFP53Y590PWJDR8WYY6,,2026-02-23T00:00:00Z,2026-03-01T00:00:00Z,0.00,,0.00,false
cust_01KJ4A40JPNKG0PK4ZWT5Z0GQ2,subs_01KJ4A40KS1GJA6R47NE42S7KN,,2026-02-23T00:00:00Z,2026-03-01T00:00:00Z,0.00,,0.00,false
cust_01KJ27ZYM1EAXTKV4VADG2132J,subs_01KJ27ZYMWZFK7CNEDPMVEM3CP,,2026-02-22T00:00:00Z,2026-03-01T00:00:00Z,0.00,,0.00,false
cust_01KJ25S6EK3FN0W70YTVEHFFPP,subs_01KJ25S6FFJ7DQ51QKKR39XYG0,inv_01KJKEHZ88PDKCK4H8CSPTBDXW,2026-02-22T00:00:00Z,2026-03-01T00:00:00Z,1.19,1.20,-0.01,true
cust_01KJ1SRZZ40NW0NRRA6T98Y49T,subs_01KJ1SS002B1NXTCGN5BZW09Z3,inv_01KJKEJ1GATKVNDGJM2BHPYK33,2026-02-22T00:00:00Z,2026-03-01T00:00:00Z,0.05,0.05,0.00,true
cust_01KJ0AT4DZNHGT475K1QY44YNY,subs_01KJ0AT4EZPN7CAGEMG258S8VR,inv_01KJKB59AW6E0SXC70A6BX627C,2026-02-21T00:00:00Z,2026-03-01T00:00:00Z,0.30,0.30,0.00,true
cust_01KJ04Z4PEHCES2451BFXV0PDR,subs_01KJ04Z4Q9F3DRCX5B9WKYW8AJ,inv_01KJKB8KG537156AZ6ZTJJNHQQ,2026-02-21T00:00:00Z,2026-03-01T00:00:00Z,0.08,0.08,0.00,true
cust_01KHX13ZPVSCXR675G1AKJA7CX,subs_01KHX13ZQWW4CN4C22KE5141YA,,2026-02-20T00:00:00Z,2026-03-01T00:00:00Z,0.00,,0.00,false
cust_01KHV6YBASBHKTXYT7HFZZMPP0,subs_01KHV6YBBS9FBBGS68CKB5W482,,2026-02-19T00:00:00Z,2026-03-01T00:00:00Z,0.00,,0.00,false
cust_01KHTATV8X3RMJ0SSAZQP2CS2Z,subs_01KHTATV9SA1JM333CT4AJR86P,,2026-02-19T00:00:00Z,2026-03-01T00:00:00Z,0.00,,0.00,false
cust_01KHRK70T3CQ7TTVM1R7A2HEH3,subs_01KHRK70V2NM3HBGJX51YETY2E,,2026-02-18T00:00:00Z,2026-03-01T00:00:00Z,0.00,,0.00,false
cust_01KHPFE3PMM538BSC4N90A6VGW,subs_01KHPFE3QF4FMBHP3G9DXBN1GZ,,2026-02-17T00:00:00Z,2026-03-01T00:00:00Z,0.00,,0.00,false
cust_01KHPFE3PMM538BSC4N90A6VGW,subs_01KHPFE3TG794VV0E4MSYAW5QJ,inv_01KJKB5XET3A127NAA3GS0GEZT,2026-02-17T00:00:00Z,2026-03-01T00:00:00Z,3.61,3.61,0.00,true
cust_01KHPFBPCA76MXMTP8TP11BTZ1,subs_01KHPFBPDAP4N2JJN6JMWCSSEA,,2026-02-17T00:00:00Z,2026-03-01T00:00:00Z,0.00,,0.00,false
cust_01KHPFBPCA76MXMTP8TP11BTZ1,subs_01KHPFBPH5EF5MGSZ7JJ7GXZET,inv_01KJKB63AH5VRHARR53BETW7ZB,2026-02-17T00:00:00Z,2026-03-01T00:00:00Z,1.60,1.60,0.00,true
cust_01KHNX5TBGVD3DFNY9H4W9W2XR,subs_01KHNX5TCHPD7XZ7WV0S83RSRH,,2026-02-17T00:00:00Z,2026-03-01T00:00:00Z,0.00,,0.00,false
cust_01KHDP0GRJXVN6DX1NKM3FXYXF,subs_01KHDP0GSFCSRXGVGAJZ6R6MKW,,2026-02-14T00:00:00Z,2026-03-01T00:00:00Z,0.00,,0.00,false
cust_01KHBHNGF9W28E3S148H4ZV4H0,subs_01KHBHNH1MWQGM3KNRCF1RH7HT,inv_01KJKEJNWKHJ1V7RTGAWNAQ066,2026-02-13T00:00:00Z,2026-03-01T00:00:00Z,0.68,0.68,-0.01,true
cust_01KH9EDZ0Q9JVJHES300RWZ4XS,subs_01KH9EDZ1K3ZACXGHYR752JMVQ,,2026-02-12T00:00:00Z,2026-03-01T00:00:00Z,0.00,,0.00,false
cust_01KH6RVX4G6CNB383SMNA05GZ6,subs_01KH6RVX5A3QP0KK75K4B7RVS7,inv_01KJKB750AHZVNDSCD4Q8BFPXJ,2026-02-11T00:00:00Z,2026-03-01T00:00:00Z,0.01,0.01,0.00,true
cust_01KH5P8X0X5GCV8EAYJ0ZBH9W7,subs_01KH5P8X1X4CJ06F1C3FJJSW60,inv_01KJKEJJNQRRB45NVX3J3QAPDA,2026-02-11T00:00:00Z,2026-03-01T00:00:00Z,0.42,0.41,0.01,true
cust_01KH5P8X0X5GCV8EAYJ0ZBH9W7,subs_01KH5P8X5EV0R7VHKNPD6JZMGZ,inv_01KJKBAMDRN8EYVX65H9E5G9XQ,2026-02-11T00:00:00Z,2026-03-01T00:00:00Z,4788.60,7375.19,-2586.59,true
cust_01KH0797DRQ9QPHBKYPGMKKRB1,subs_01KH0797EG37WK13GX5PKWP9EY,,2026-02-09T00:00:00Z,2026-03-01T00:00:00Z,0.00,,0.00,false
cust_01KGYSTX3TZ56AXYAJS68G04K7,subs_01KGYSTX4N3ZNHR4K69CFNJHTK,,2026-02-08T00:00:00Z,2026-03-01T00:00:00Z,0.00,,0.00,false
cust_01KGWJ2ET6XPG19A7XT0MD5NCV,subs_01KGWJ2ETYFYBYVR22XRJ6P1CJ,inv_01KJKEJKCH53DS45K2PZH6HGXW,2026-02-07T00:00:00Z,2026-03-01T00:00:00Z,0.40,0.41,-0.01,true
cust_01KGW93SSJV32TCP3HKQ00QDVD,subs_01KGW93STAHFT97FGD5QTQPAQ3,,2026-02-07T00:00:00Z,2026-03-01T00:00:00Z,0.00,,0.00,false
cust_01KGVZYRQ3AR7G7Y5Q6M2AVBZN,subs_01KGVZYRQYHD41ERC0TP30YTD2,,2026-02-07T00:00:00Z,2026-03-01T00:00:00Z,0.00,,0.00,false
cust_01KGSNKW878AKN0Y1193A9921R,subs_01KGSNKX02X0JCW394WRDCM5AH,inv_01KJKBBRVR6G9AVG0WK33M49T9,2026-02-06T00:00:00Z,2026-03-01T00:00:00Z,15.17,15.17,0.00,true
cust_01KGRP5B6V4ZPSYJJX7RNR84EZ,subs_01KGRP5B7PKK6QT02P4JW8DX9Z,inv_01KJKBBRRSNSR5X54FEAWKS11A,2026-02-06T00:00:00Z,2026-03-01T00:00:00Z,0.01,0.01,0.00,true
cust_01KGPXZ4VBT7H8YKNA43EEMPQW,subs_01KGPXZ4W7451YSN7ZZ5ZYVYP6,inv_01KJKBBT7HGDTBC40E1HDT588G,2026-02-05T00:00:00Z,2026-03-01T00:00:00Z,0.01,0.01,0.00,true
cust_01KGKF9DCH0N5JSY7K9VTN583Z,subs_01KGKF9DFN793JX4BBQ47KR9GF,inv_01KJKBFC605HC4XCN62H97V55Z,2026-02-04T00:00:00Z,2026-03-01T00:00:00Z,0.93,0.93,0.00,true
cust_01KGHPP1BGRV6BHY4V1AYFZJN6,subs_01KGHPP1CFHG79PMG8D04D9988,inv_01KJKEJTNJ279MEJ98NSCWE0BS,2026-02-03T00:00:00Z,2026-03-01T00:00:00Z,0.02,0.02,0.00,true
cust_01KGHPP1BGRV6BHY4V1AYFZJN6,subs_01KGHPP1PNGDEAMF7FTTDC838A,inv_01KJKC4WZN614KKA376Q0J9RBC,2026-02-03T00:00:00Z,2026-03-01T00:00:00Z,63.40,63.40,0.00,true
cust_01KGF5T942533324R0B32S5ZSX,subs_01KGF5T9867ZE0WK7K8C0AYV3N,inv_01KJKB7V5ZG7XGDVCZBR08GP0B,2026-02-02T00:00:00Z,2026-03-01T00:00:00Z,22.00,22.00,0.00,true
cust_01KGF5T942533324R0B32S5ZSX,subs_01KGF5T94TPG2XC5GGPHYBFEXT,inv_01KJKBKF1QJYDKH1VBMXQY892T,2026-02-02T00:00:00Z,2026-03-01T00:00:00Z,0.01,0.01,0.00,true
cust_01KG7RT7SYNMZ0S7QR8EJ920Q9,subs_01KG7RT7TYAMB2681MRE40KYJW,,2026-01-30T00:00:00Z,2026-02-01T00:00:00Z,0.00,,0.00,false
cust_01KG9A8W9H1X30DKCBTPZV5F0D,subs_01KG9A8WACNHNA9H30WJ46Q7DD,,2026-01-31T00:00:00Z,2026-02-01T00:00:00Z,0.00,,0.00,false
cust_01KG7BCX1PW4CGF5Z5FH8HRT7F,subs_01KG7BCX2PB1K85R1HXBJYWNBC,inv_01KGB840EBZ2RQYW5857YH8JGC,2026-01-30T00:00:00Z,2026-02-01T00:00:00Z,0.04,0.04,0.00,true
cust_01KG6V5Y3DSAN6CWHWHPJ4BBH7,subs_01KG6V5Y4D2B97X0ZXHXTWZYT6,,2026-01-30T00:00:00Z,2026-02-01T00:00:00Z,0.00,,0.00,false
cust_01KG4T3ZGE1DNVQNJZCY9AX1GB,subs_01KG4T3ZHEHBHY767817QMRARC,inv_01KGBC5BWZDFJ03Q0PYN7RWR5W,2026-01-29T00:00:00Z,2026-02-01T00:00:00Z,0.05,0.05,0.00,true
cust_01KG4KZDW372386MG83QTNPYNC,subs_01KG4KZDX6X6C8B9V4M8WQVXV9,inv_01KGBC2QXHCDAC7HYQCPS9JPRC,2026-01-29T00:00:00Z,2026-02-01T00:00:00Z,0.56,0.56,0.00,true
cust_01KG40YWWWWWMADRZ02RG7TB58,subs_01KG40YWXZVRD3H2ANJ9EXPMGV,,2026-01-29T00:00:00Z,2026-02-01T00:00:00Z,0.00,,0.00,false
cust_01KG4KH5FFB1E9FADNVZYQ41CV,subs_01KG4KH5GH0Z7K6F95YBYQA2FF,,2026-01-29T00:00:00Z,2026-02-01T00:00:00Z,0.00,,0.00,false
cust_01KFZKVND1VCNNBAQA7VJ0G3YA,subs_01KFZKVNE2ZW3E1JWHNRBB57ZC,inv_01KGB84JH795ER62AYPVSTP3MQ,2026-01-27T00:00:00Z,2026-02-01T00:00:00Z,0.03,0.02,0.01,true
cust_01KFXCXJEJ5ZA89GEZPY4B2494,subs_01KFXCXJFA8PXWWY4VPVJJQGHC,inv_01KGB84MYRM6XYNQCHRZGDHRS1,2026-01-26T00:00:00Z,2026-02-01T00:00:00Z,0.04,0.04,0.00,true
cust_01KFQYZANMMGRAB18XQSX9RX1F,subs_01KFQYZAPR1T09B37KHE95WM0M,inv_01KGB84DMJD2XJAMJ563CRYSPX,2026-01-24T00:00:00Z,2026-02-01T00:00:00Z,0.03,0.03,0.00,true
cust_01KFPPTV4PT3SKB464QVJ5VV17,subs_01KFPPTV5FFF8DXKGS5THRQ93C,inv_01KGB84FJYANHMR4WBQE388DN0,2026-01-24T00:00:00Z,2026-02-01T00:00:00Z,0.02,0.02,0.00,true
cust_01KFNDHYWMPKFF8JH8MJRAQKA9,subs_01KFNDHYXH8P4SKXFAQ3QPBMMN,,2026-02-01T00:00:00Z,2026-03-01T00:00:00Z,0.01,,0.01,false
cust_01KFNDHYWMPKFF8JH8MJRAQKA9,subs_01KFNDHYXH8P4SKXFAQ3QPBMMN,inv_01KGB84GS3J6GK4WJS6YXHW8BH,2026-01-23T00:00:00Z,2026-02-01T00:00:00Z,0.07,0.05,0.02,true
cust_01KFHVDCH9XGAZVVTNJBBQWJ85,subs_01KFHVDCJ0XHYZ0F10635MRN9T,,2026-01-22T00:00:00Z,2026-02-01T00:00:00Z,0.00,,0.00,false
cust_01KFHQTETK7N16RTS50321BVD8,subs_01KFHQTEVMEQA1JRMSV0APWKWJ,,2026-01-22T00:00:00Z,2026-02-01T00:00:00Z,0.00,,0.00,false
cust_01KFG8XPEAC25AWE77RP35NZ8X,subs_01KFG8XPFCB7VFWK0MRPTYDMHJ,,2026-02-01T00:00:00Z,2026-03-01T00:00:00Z,0.00,,0.00,false
cust_01KFG8XPEAC25AWE77RP35NZ8X,subs_01KFG8XPFCB7VFWK0MRPTYDMHJ,,2026-01-21T00:00:00Z,2026-02-01T00:00:00Z,0.00,,0.00,false
cust_01KFFNFRN97XV8PWFB8XQNWR1F,subs_01KFFNFRRF46A46T3SGAHZS3FA,inv_01KGB84TM3TFJKGZYHWRA9825Z,2026-01-21T00:00:00Z,2026-02-01T00:00:00Z,99.53,100.53,-1.00,true
cust_01KFFKSEEQHWJDKR1D1QF4KEQW,subs_01KFFKSEFHCTK0YEABTHTHG8CQ,inv_01KJKBDBTX148K0N7CE03E3X1W,2026-02-01T00:00:00Z,2026-03-01T00:00:00Z,0.18,0.17,0.01,true
cust_01KFFKSEEQHWJDKR1D1QF4KEQW,subs_01KFFKSEFHCTK0YEABTHTHG8CQ,inv_01KGB83XQS2MACQ1TAH08BQWZP,2026-01-21T00:00:00Z,2026-02-01T00:00:00Z,0.04,0.03,0.01,true
cust_01KFD3YA7TZ9FR1D2BBF5G5P99,subs_01KFD3YA8S0DE6BWWKBGMC22WK,,2026-01-20T00:00:00Z,2026-02-01T00:00:00Z,0.00,,0.00,false
cust_01KFAKDY8S1YSSZ7RE9ARZHZJE,subs_01KFAKDY9SY561D2VB8ZPDDNKJ,,2026-01-19T00:00:00Z,2026-02-01T00:00:00Z,0.00,,0.00,false
cust_01KF0Q9C28M42KKV8S1BDF4G0A,subs_01KF0Q9C6JD08CXKCFP2SEKN4B,inv_01KGBC36VA1DV0TZXTRF3KE1XN,2026-01-15T00:00:00Z,2026-02-01T00:00:00Z,321.73,0.93,320.80,true
cust_01KEYPQ31T80RC0JNZFH6EF15F,subs_01KEYPQ32ME2VJA53ZBFEPJ9QG,,2026-01-14T00:00:00Z,2026-02-01T00:00:00Z,0.00,,0.00,false
cust_01KEY5JBKKEYP2QSNMCR38JE3D,subs_01KEY5JBMC7PJ58KPHATV6E9QG,inv_01KGBC34H5MQB0VXRTBBGFDQJ2,2026-01-14T00:00:00Z,2026-02-01T00:00:00Z,0.07,0.07,0.00,true
cust_01KEY3JNFSPKSG6BY65CSGPVNH,subs_01KEY3JNGMYV7V5B114SNX84AG,,2026-01-14T00:00:00Z,2026-02-01T00:00:00Z,0.00,,0.00,false
cust_01KEXMS55A5F6KQKKM82ZP1Y7T,subs_01KEXMS56443Y0RZDD0YWNVXRM,,2026-01-14T00:00:00Z,2026-02-01T00:00:00Z,0.00,,0.00,false
cust_01KEVH0WRGJ0AT1BDDB015DEGB,subs_01KEVH0WSE15ZZ1DRWPB52FNPZ,,2026-01-13T00:00:00Z,2026-02-01T00:00:00Z,0.00,,0.00,false
cust_01KEVH0WRGJ0AT1BDDB015DEGB,subs_01KEVH0WW7PHRGWSFVGW9Z8C3D,inv_01KGB85ZME6ZQXNC7QC2P0Y3XV,2026-01-13T00:00:00Z,2026-02-01T00:00:00Z,15.60,15.60,0.00,true
cust_01KEVA8TRYZA88W0T0CJA6S8X6,subs_01KEVA8TSVW2W5X52FQQK7J6H6,,2026-01-13T00:00:00Z,2026-02-01T00:00:00Z,0.00,,0.00,false
cust_01KEG1YSQAFTADCZ5V1DT8X18G,subs_01KEG1YSRBSCJER56J33MA2BPB,inv_01KGB9RNT07X94NER6PS3DECQD,2026-01-09T00:00:00Z,2026-02-01T00:00:00Z,0.25,0.25,0.00,true
cust_01KEF3GC988VK2TJGS1BSXWKV7,subs_01KEF3GCA6TS41WCWGFWAS24BQ,inv_01KGB9QXS96M14R4ABYX6BE15R,2026-01-08T00:00:00Z,2026-02-01T00:00:00Z,0.06,0.06,0.00,true
cust_01KE9TTQSPGGGBR5P4GS0TTH6M,subs_01KE9TTQTQ3D8S40NQAY2AYPTM,,2026-01-06T00:00:00Z,2026-02-01T00:00:00Z,0.00,,0.00,false
cust_01KE9P0KZR8QZ2QMP9NGM0F854,subs_01KE9P0M6VZH11AH7DZYDX6KB5,,2026-02-01T00:00:00Z,2026-03-01T00:00:00Z,0.40,,0.40,false
cust_01KE9P0KZR8QZ2QMP9NGM0F854,subs_01KE9P0M6VZH11AH7DZYDX6KB5,,2026-01-06T00:00:00Z,2026-02-01T00:00:00Z,0.37,,0.37,false
cust_01KE9P0KZR8QZ2QMP9NGM0F854,subs_01KE9P0M3WN7SSPEX5JFBJT07C,,2026-02-01T00:00:00Z,2026-03-01T00:00:00Z,0.40,,0.40,false
cust_01KE9P0KZR8QZ2QMP9NGM0F854,subs_01KE9P0M3WN7SSPEX5JFBJT07C,,2026-01-06T00:00:00Z,2026-02-01T00:00:00Z,0.37,,0.37,false
cust_01KE9P0KZR8QZ2QMP9NGM0F854,subs_01KE9P0M0RE87YJZ8JR7XXZZ6A,,2026-02-01T00:00:00Z,2026-03-01T00:00:00Z,0.40,,0.40,false
cust_01KE9P0KZR8QZ2QMP9NGM0F854,subs_01KE9P0M0RE87YJZ8JR7XXZZ6A,,2026-01-06T00:00:00Z,2026-02-01T00:00:00Z,0.37,,0.37,false
cust_01KE9P0KZR8QZ2QMP9NGM0F854,subs_01KE9P858VECERPM0XFCB68HEB,inv_01KK1KQKK4D5NPYS366X0A0Q3A,2026-02-06T12:58:24Z,2026-03-06T12:58:24Z,0.40,0.40,0.00,true
cust_01KE9P0KZR8QZ2QMP9NGM0F854,subs_01KE9P858VECERPM0XFCB68HEB,inv_01KGSGKGWPAE7WSTNH2MY519KQ,2026-01-06T12:58:24Z,2026-02-06T12:58:24Z,0.52,0.38,0.14,true
cust_01KE706QNR0B6KKNPFXNJYB02G,subs_01KE706QPKJ51ZWDJ0QE65RSZJ,inv_01KGBCDYD88RJ91ANKSB98RQHE,2026-01-05T00:00:00Z,2026-02-01T00:00:00Z,0.10,0.10,0.00,true
cust_01KE6VGVP41CCPDVJFY1G0TWRP,subs_01KE6VGVQ1P97FRM1B8XBJNP70,inv_01KGBCEPH6ASV8TEPR30Y08EAC,2026-01-05T00:00:00Z,2026-02-01T00:00:00Z,0.03,0.03,0.00,true
cust_01KE6CGCSGSD7ZB15EZMRWVDPF,subs_01KE6CGCTC6SNT1TGCZY95G9T7,inv_01KGBCC03CBGW4BD4Y5H7VR1H5,2026-01-05T00:00:00Z,2026-02-01T00:00:00Z,2.18,2.18,0.00,true
cust_01KE6BW9VW137XTYBACHQJQ0NR,subs_01KE6BW9WQNMDKNK2TGG97R3SJ,,2026-01-05T00:00:00Z,2026-02-01T00:00:00Z,0.00,,0.00,false
cust_01KE581VSJJDC72NCFB017MJV7,subs_01KE581VTFP8BPGJSNWGDZ1J1B,inv_01KGBCEREKHJJAXM5ZB1TMZHF4,2026-01-04T00:00:00Z,2026-02-01T00:00:00Z,0.07,0.07,0.00,true
cust_01KDZYF56WQ2DC5PN3BPZR59EY,subs_01KDZYF57YFH4KWA72HVK8B0AG,,2026-01-02T00:00:00Z,2026-02-01T00:00:00Z,0.00,,0.00,false
cust_01KDW997Z8D051Z11DX0X1N9RC,subs_01KDW998063958YFJ4PK4GBWJT,,2026-01-01T00:00:00Z,2026-02-01T00:00:00Z,0.00,,0.00,false
cust_01KD46H8YQ9E03AHZA11B1TG37,subs_01KD46H8ZQQX2CNHCXCFWF24KY,inv_01KGB9SRF88QAV2QG84W2M0K72,2026-01-01T00:00:00Z,2026-02-01T00:00:00Z,0.10,0.10,0.00,true
cust_01KD2YY7CT5HMXNJX3HZFMSVJR,subs_01KD2YY7HPKZ4ZSD7R9STG9F67,inv_01KGB9VCH2471RBFPMC5RYQA12,2026-01-01T00:00:00Z,2026-02-01T00:00:00Z,157.98,157.98,0.00,true
cust_01KCRFFH2MZX0ZYDAHFXMW2E6F,subs_01KCRFFH3QGPHZ5DQ812PGVAWY,inv_01KGBCEZZY665V1BK1JWKHTY89,2026-01-01T00:00:00Z,2026-02-01T00:00:00Z,0.01,0.01,0.00,true
cust_01KCRFFH2MZX0ZYDAHFXMW2E6F,subs_01KCRFFH74V7D6ZM2ZY0JCE6YB,inv_01KKZNJAYZD86J4S650QZ9244Y,2026-02-01T00:00:00Z,2026-03-01T00:00:00Z,550.80,550.80,0.00,true
cust_01KCRFFH2MZX0ZYDAHFXMW2E6F,subs_01KCRFFH74V7D6ZM2ZY0JCE6YB,inv_01KGBCCA8ANFQVA7GCG2FPEHKT,2026-01-01T00:00:00Z,2026-02-01T00:00:00Z,2970.53,2973.20,-2.67,true
cust_01KCNNVE83SJF1WYATDHDVQSQW,subs_01KCNNWMSR689D7BE20SGDN9BG,inv_01KKZP7WQ2ZDSES665QPTP05PG,2026-02-01T00:00:00Z,2026-03-01T00:00:00Z,2030.07,2030.07,0.00,true
cust_01KCNNVE83SJF1WYATDHDVQSQW,subs_01KCNNWMSR689D7BE20SGDN9BG,inv_01KGB9V2YQ7K7HSTKCYH5HRS9V,2026-01-01T00:00:00Z,2026-02-01T00:00:00Z,11480.34,11490.74,-10.40,true
cust_01KCNNVE83SJF1WYATDHDVQSQW,subs_01KCNNVG8TXJADHPYK6QX1CMKM,,2026-02-01T00:00:00Z,2026-03-01T00:00:00Z,0.00,,0.00,false
cust_01KCNNVE83SJF1WYATDHDVQSQW,subs_01KCNNVG8TXJADHPYK6QX1CMKM,inv_01KGB9T0931V862MZ7W75DZ1C6,2026-01-01T00:00:00Z,2026-02-01T00:00:00Z,0.04,0.04,0.00,true
cust_01KCF4Z8QS3PQZ89GER31N0DSJ,subs_01KCF4Z8RJBBJE3R0AEEGDBFT3,,2026-01-01T00:00:00Z,2026-02-01T00:00:00Z,0.00,,0.00,false
cust_01KC8BBS4RK448M6EE0940Y7PW,subs_01KC8BBS5JG4EERSK3N687PBY1,inv_01KGBBR88HAT4ABE9XYSA9KDTY,2026-01-01T00:00:00Z,2026-02-01T00:00:00Z,0.01,0.01,0.00,true
cust_01KC8FZH3QP2VVC1YK6PRMXM0H,subs_01KC8FZH4TXPRYX4BSSHN90KCA,inv_01KJN0SN7PQ9WYHQKB3YCRA74C,2026-02-01T00:00:00Z,2026-03-01T00:00:00Z,0.41,0.03,0.38,true
cust_01KC8FZH3QP2VVC1YK6PRMXM0H,subs_01KC8FZH4TXPRYX4BSSHN90KCA,inv_01KGBBSD3S07KRQ0PQD2KVF6W3,2026-01-01T00:00:00Z,2026-02-01T00:00:00Z,2.46,2.47,-0.01,true
cust_01KC802B7M51NFAV8MWTT01T04,subs_01KC802B8MPMXYGS42BZRVMBK3,inv_01KJN5FR1JN0E40V695DHTECE2,2026-02-01T00:00:00Z,2026-03-01T00:00:00Z,0.01,0.01,0.00,true
cust_01KC7B8ZS6T0V8AA44NDDV9ZE9,subs_01KC7B8ZXRQ2A65E9GRGF8RCAN,inv_01KGBBRA4A3EGJZXQAHZVQDN5Q,2026-01-01T00:00:00Z,2026-02-01T00:00:00Z,9.63,9.63,-0.01,true
cust_01KBZDH71H04B58TH6AD6KPHM3,subs_01KBZDH793RTT6KQ4VGCEW8YGA,inv_01KKZQ6GJR46G3YCB8VXFWT3C5,2026-02-01T00:00:00Z,2026-03-01T00:00:00Z,10874.75,5809.32,5065.43,true
cust_01KBZDH71H04B58TH6AD6KPHM3,subs_01KBZDH793RTT6KQ4VGCEW8YGA,inv_01KHNXAF38VWZT48A897B1FY92,2026-01-01T00:00:00Z,2026-02-01T00:00:00Z,4782.18,4782.26,-0.08,true
cust_01KBG9S5P5X2ZFV2XTXADEEA12,subs_01KBG9S5Z2YBT5NGMVZ91A6PDJ,inv_01KJN0SSV0J6RFPNE2N4H9SPWT,2026-02-01T00:00:00Z,2026-03-01T00:00:00Z,0.85,0.85,0.00,true
cust_01KBG9S5P5X2ZFV2XTXADEEA12,subs_01KBG9S5VHXW5S67Z2G31DSNP7,inv_01KJN0SQ8HHR4F4V26V4A180Z5,2026-02-01T00:00:00Z,2026-03-01T00:00:00Z,0.27,0.27,0.00,true
cust_01KAX55K0WDGSE2WXFA9FKWZH5,subs_01KAX55K1S4QQ3VY0KP5M8A50Y,,2026-02-01T00:00:00Z,2026-03-01T00:00:00Z,0.00,,0.00,false
cust_01KAX52RRYWYPYF2KYYE77QWZY,subs_01KAX52RSR9GJ7DWF9SEVT8MDX,,2026-01-01T00:00:00Z,2026-02-01T00:00:00Z,0.00,,0.00,false
cust_01KA70RV3F85TBZZZACEXY3Y29,subs_01KA70RV5HC4CGDP2ZJT1A516H,inv_01KKZQY6535WBS2ZVMGRPX39J7,2026-01-01T00:00:00Z,2026-02-01T00:00:00Z,0.03,0.03,0.00,true
cust_01K9EVW2K5R8BK34P02ZJE87K4,subs_01K9EVW2M2WSFMMWDPKA4HKXAN,inv_01KJN1BMHFZMT3J2JHPGER1G1N,2026-02-01T00:00:00Z,2026-03-01T00:00:00Z,0.56,0.56,0.00,true
cust_01K8N05BB7DMKCFTS8ZEJWHGYK,subs_01K8N05BG2F63QBPCZ0Y29E9DX,inv_01KGBD2C3VT8QVTR588QYG5BJ8,2026-01-01T00:00:00Z,2026-02-01T00:00:00Z,48.67,48.67,0.00,true
cust_01K6ZRG3KP61J6A1A9E9HG5W7B,subs_01K6ZRG41K3FPZ521X46Z5NR6K,inv_01KGBBZNS7RZRRR95FC72J4EEX,2026-01-01T00:00:00Z,2026-02-01T00:00:00Z,47.50,47.50,0.00,true
cust_01K6ZRG3KP61J6A1A9E9HG5W7B,subs_01K6ZRG3XTBN8V6GC2EJAR2S2J,inv_01KGBBVPAX1AZ01TK5EGS18A8P,2026-01-01T00:00:00Z,2026-02-01T00:00:00Z,1173.83,1175.56,-1.73,true
cust_01K6ZRG3KP61J6A1A9E9HG5W7B,subs_01K6ZRG3S4MDXGAXA6PJ3KQDJK,inv_01KGBE0XZRB0QZ8PXJM25JPCXX,2026-01-01T00:00:00Z,2026-02-01T00:00:00Z,0.02,0.02,0.00,true
cust_01K6XNVKEZ6X9QXGNKFXSDVJA4,subs_01K6XNVKG6HKZNW83T0BKGJ2GP,inv_01KJN1BR1JHZVB7B87VHE0AYBZ,2026-02-01T00:00:00Z,2026-03-01T00:00:00Z,0.02,0.02,0.00,true
cust_01JSCQMHR985NT2HPHX44PVCF1,subs_01K6MVSVPQWEB69D16N12GVJP6,inv_01KKZSYTHNS6GBBVHEW71VMR2X,2026-02-01T00:00:00Z,2026-03-01T00:00:00Z,461.30,461.30,0.00,true
cust_01JSCQMHR985NT2HPHX44PVCF1,subs_01K6MVSVPQWEB69D16N12GVJP6,inv_01KKZSZ0SAM2ETRVMRNN88BZHW,2026-01-01T00:00:00Z,2026-02-01T00:00:00Z,1532.41,1532.44,-0.03,true
cust_01K6GHJTYSSR73M39Y56JGFMRG,subs_01K6GHJV2JYZRR7Q4AZF2R4PMW,inv_01KJN1C1JY7ZWVB2N14GC1SAEQ,2026-02-01T00:00:00Z,2026-03-01T00:00:00Z,0.20,0.20,0.00,true
cust_01K6AP819M1YX2GKBF2H84V2GB,subs_01K6AP81AKSX438BK0SNPBASGK,inv_01KJN3RY07P57HE4YQW9PCFR5K,2026-02-01T00:00:00Z,2026-03-01T00:00:00Z,0.03,0.02,0.01,true
cust_01K6AP819M1YX2GKBF2H84V2GB,subs_01K6AP81AKSX438BK0SNPBASGK,,2026-01-01T00:00:00Z,2026-02-01T00:00:00Z,0.00,,0.00,false
cust_01K6AP819M1YX2GKBF2H84V2GB,subs_01K6AP81DAMKV583MHMZQV2JNG,inv_01KJN3RYJXK5S1B7Z2P8DBPK3E,2026-02-01T00:00:00Z,2026-03-01T00:00:00Z,1189.87,1189.87,0.00,true
cust_01K62TAZXCKMB68MCWESW8E1W0,subs_01K62TAZY6CVPY8DQ8ZGJTS2EV,inv_01KJN0VDGPW4K39SXHTNE2FKM4,2026-02-01T00:00:00Z,2026-03-01T00:00:00Z,488.64,488.61,0.03,true
cust_01K62TAZXCKMB68MCWESW8E1W0,subs_01K62TAZY6CVPY8DQ8ZGJTS2EV,inv_01KGC3HKKPDQW4RKRD18W1Z633,2026-01-01T00:00:00Z,2026-02-01T00:00:00Z,22.07,22.05,0.02,true
cust_01JSCQM13KYM7WG9K0GS984NH3,subs_01K4YD5SY0RWMVWYFK5AWZ6QD8,inv_01KKJZXEKBRQY0JB0D8RS9GWVZ,2026-02-13T07:00:00Z,2026-03-13T07:00:00Z,1292.28,1292.33,-0.06,true
cust_01JSCQM13KYM7WG9K0GS984NH3,subs_01K4YD5SY0RWMVWYFK5AWZ6QD8,inv_01KHAWSAD7A45MYW1C0Z69G6GX,2026-01-13T07:00:00Z,2026-02-13T07:00:00Z,1989.13,1991.75,-2.63,true
cust_01K4VJ297R23WNVM9Q0Z0WQ1ME,subs_01K4VJ29BD7FAYNZ36AGWYVJ1C,inv_01KKD330MVSFY826PK8DMT7B4C,2026-02-11T00:00:00Z,2026-03-11T00:00:00Z,2115.87,2115.93,-0.06,true
cust_01K4VJ297R23WNVM9Q0Z0WQ1ME,subs_01K4VJ29BD7FAYNZ36AGWYVJ1C,inv_01KH4ZYVJTGSSQ4GGEKWCEJ2AZ,2026-01-11T00:00:00Z,2026-02-11T00:00:00Z,2416.87,2418.14,-1.27,true
cust_01K4Q02WSBNR753KWAH7VJT17S,subs_01K4Q02WX1CTS8QQQBRKJRWPE6,inv_01KGZV5CZQDM6CVHNMDE6RVJGM,2026-01-09T00:00:00Z,2026-02-09T00:00:00Z,2858.40,2862.40,-4.00,true
cust_01K4M76JVQX7A0AHJBNKJHDMHE,subs_01K4M76JWE1GA1E8PSY28ZSHDP,,2026-02-08T00:00:00Z,2026-03-08T00:00:00Z,0.00,,0.00,false
cust_01K4M76JVQX7A0AHJBNKJHDMHE,subs_01K4M76JWE1GA1E8PSY28ZSHDP,inv_01KGX8RNSCMG0B1T1H8R06F3NJ,2026-01-08T00:00:00Z,2026-02-08T00:00:00Z,1.90,1.90,0.00,true
cust_01K4M76JVQX7A0AHJBNKJHDMHE,subs_01K4M76JZ11JMNXSW5YE0KGB3P,inv_01KK5BX29QQFETHAM7QR4ZGCN7,2026-02-08T00:00:00Z,2026-03-08T00:00:00Z,4381.68,4382.11,-0.43,true
cust_01K4M76JVQX7A0AHJBNKJHDMHE,subs_01K4M76JZ11JMNXSW5YE0KGB3P,inv_01KGX8RQHHCKCT5730CG3HR2G9,2026-01-08T00:00:00Z,2026-02-08T00:00:00Z,4587.57,4593.59,-6.02,true
cust_01K35DJ4R6EPRYJA6E179EWMXX,subs_01K35DJ4S4C8P1K4KZ72BTHN83,inv_01KFEXQWSGZ5ZDJTB5W6EESYEJ,2025-12-21T00:00:00Z,2026-01-21T00:00:00Z,0.01,0.01,0.00,true
cust_01K35DJ4R6EPRYJA6E179EWMXX,subs_01K35DJ4WEQG6DC0GM73S1MMT7,inv_01KFEXQWAA6AMMACDWHY67SWA6,2025-12-21T00:00:00Z,2026-01-21T00:00:00Z,42.33,42.33,0.00,true
cust_01K32FHTAYRVKSYSTRWRDE2DF5,subs_01K32FHTC3XNGGQK7YKXS0V035,,2025-12-20T00:00:00Z,2026-01-20T00:00:00Z,0.00,,0.00,false
cust_01K1WNYRCFSAZNGAF29C1F7YEV,subs_01K1WNYRGJG83YM8GW783D7QJM,inv_01KGNHJM0SXEFMBQV6XZNF97YM,2026-01-05T00:00:00Z,2026-02-05T00:00:00Z,805.60,805.60,0.00,true
cust_01K194MAMC9145MYXNC4JH9K3G,subs_01K194MANKZM7QQQ8SS91NG688,inv_01KJGSJQ877B3K0JGJGKKKWBZQ,2026-01-28T00:00:00Z,2026-02-28T00:00:00Z,0.58,0.58,0.00,true
cust_01K194MAMC9145MYXNC4JH9K3G,subs_01K194MANKZM7QQQ8SS91NG688,inv_01KG0YGWD20A7TY54CWV0M1GGQ,2025-12-28T00:00:00Z,2026-01-28T00:00:00Z,1396.23,1396.23,0.00,true
cust_01K18GG3WMQ4JXCQEXGZHX6WK8,subs_01K18GG41AMTXQ7SH9M83YPZ6Z,inv_01KJGRQC57D3S1ZD2KVYXMT0VT,2026-01-28T00:00:00Z,2026-02-28T00:00:00Z,1645.16,1645.18,-0.02,true
cust_01K18GG3WMQ4JXCQEXGZHX6WK8,subs_01K18GG41AMTXQ7SH9M83YPZ6Z,inv_01KG0YGWWEDNX79SGA3W4V4RG8,2025-12-28T00:00:00Z,2026-01-28T00:00:00Z,1636.18,1637.29,-1.11,true
cust_01K17RH3XXXWZ8ESTXZR702A5W,subs_01K17RH41A3N03G961KJH10NFQ,inv_01KJGRQDTMTEZW56237R9VWPF3,2026-01-28T00:00:00Z,2026-02-28T00:00:00Z,16355.94,16356.33,-0.39,true
cust_01K17RH3XXXWZ8ESTXZR702A5W,subs_01K17RH41A3N03G961KJH10NFQ,inv_01KG0YGYC5AMS5GP9TGNDMY538,2025-12-28T00:00:00Z,2026-01-28T00:00:00Z,19561.56,19570.39,-8.83,true
cust_01JZ783F3Y5G7JKWN298467Y9Z,subs_01JZ783F9469VZXQNADE77Z5F3,,2026-01-03T00:00:00Z,2026-02-03T00:00:00Z,0.00,,0.00,false
cust_01JYRG0MYFDGD7FHDZMHXZ1D02,subs_01JYRG0N4HAKE9RK0Z70Q2FCHN,inv_01KJE6ACXD45ZKYJYCBPGHFH93,2026-01-27T00:00:00Z,2026-02-27T00:00:00Z,1688.88,1688.93,-0.06,true
cust_01JYRG0MYFDGD7FHDZMHXZ1D02,subs_01JYRG0N4HAKE9RK0Z70Q2FCHN,inv_01KFYC45Q0Y452W97JNRYR197V,2025-12-27T00:00:00Z,2026-01-27T00:00:00Z,1137.28,1138.03,-0.76,true
cust_01JYRG0MYFDGD7FHDZMHXZ1D02,subs_01JYRG0N1T9EPNDDJTQXPPGAGG,inv_01KJE6AFYTJ2JFVWB91QWC2PXR,2026-01-27T00:00:00Z,2026-02-27T00:00:00Z,197973.18,197984.00,-10.82,true
cust_01JYRG0MYFDGD7FHDZMHXZ1D02,subs_01JYRG0N1T9EPNDDJTQXPPGAGG,inv_01KFYC46QPJPPM41XKD9DX0GA8,2025-12-27T00:00:00Z,2026-01-27T00:00:00Z,249716.66,249858.94,-142.28,true
cust_01JYRG0MYFDGD7FHDZMHXZ1D02,subs_01JYRG0MZHTV8EJCYDDV80P9SQ,inv_01KJE6AE3GYNK949MDRWMKPWA6,2026-01-27T00:00:00Z,2026-02-27T00:00:00Z,1679.08,1679.16,-0.08,true
cust_01JYRG0MYFDGD7FHDZMHXZ1D02,subs_01JYRG0MZHTV8EJCYDDV80P9SQ,inv_01KFYC47DXM1D04W2FQR8DDXXW,2025-12-27T00:00:00Z,2026-01-27T00:00:00Z,0.08,0.08,0.00,true
cust_01JSCQMQWEC9S1P371HP078757,subs_01JYA8MYC0EKKV964BPV82X83S,inv_01KGAN3DR01H0A6539VXZWH8WK,2025-12-31T18:30:00Z,2026-01-31T18:30:00Z,6.56,6.56,0.00,true
cust_01JRSZP3M8S9T6S92ATK40HD0D,subs_01JYA8GG3V2PJSCWFQXQJXFW8V,inv_01KJJR7HQQEBZHJDSVJATYQHQE,2026-01-30T18:30:00Z,2026-02-28T18:30:00Z,198.49,198.49,0.00,true
cust_01JRSZP3M8S9T6S92ATK40HD0D,subs_01JYA8GG3V2PJSCWFQXQJXFW8V,inv_01KG82TSXJ72T8DT1TYWVFD35X,2025-12-30T18:30:00Z,2026-01-30T18:30:00Z,534.80,535.11,-0.31,true
cust_01JSCQFRJ7WT63S2HJCJ5Z60DG,subs_01JXETMQVTHKQD3TBRDS2BGRWP,inv_01KKDSDA976PS6JHQN7GC2Q41W,2026-02-11T06:22:27Z,2026-03-11T06:22:27Z,8.15,8.15,0.00,true
cust_01JSCQFRJ7WT63S2HJCJ5Z60DG,subs_01JXETMQVTHKQD3TBRDS2BGRWP,inv_01KH5P8Z50C1JDF2TPS69W5H5B,2026-01-11T06:22:27Z,2026-02-11T06:22:27Z,0.68,0.68,-0.01,true
cust_01JSCQFZ20ZWK0NZE764FWC1YT,subs_01JXETMJNHB46B9ZM6ZSR64WP2,inv_01KKDSD8Q3ACFX9PC3CX59V8MK,2026-02-11T06:22:27Z,2026-03-11T06:22:27Z,1002.45,1002.53,-0.08,true
cust_01JSCQG19MQ1Q4N1XWV2VGKAVN,subs_01JXETMGDDX4NHN6E3D4EYN8WK,inv_01KH5P9AFAQHXMFM0SRR8CMEVC,2026-01-11T06:22:27Z,2026-02-11T06:22:27Z,1136.53,1138.67,-2.14,true
cust_01JSCQG83JB290MNCQ5PVGR827,subs_01JXETM9SCD559DQ7GGJCG1Q56,inv_01KKDT8GW9G3J83P9A1B4FXACK,2026-02-11T06:22:27Z,2026-03-11T06:22:27Z,9.67,9.67,0.00,true
cust_01JSCQGB29SJT7TXTW5G3P60NJ,subs_01JXETM710F33SQPTBGF1ZFYYT,inv_01KKDT8NJ8VKP2JHXNBAX2BZAF,2026-02-11T06:22:27Z,2026-03-11T06:22:27Z,19050.83,19051.81,-0.98,true
cust_01JSCQGB29SJT7TXTW5G3P60NJ,subs_01JXETM710F33SQPTBGF1ZFYYT,inv_01KH5P9EAY0DP6ED77NNC4RDFS,2026-01-11T06:22:27Z,2026-02-11T06:22:27Z,16223.43,16231.92,-8.49,true
cust_01JSCQHMGXGHZTNY9TB630ZBQM,subs_01JXETJZQTV28DQKCNCFBX999D,inv_01KKDT8P4XDX4KDPRHG4Z6KVKP,2026-02-11T06:22:27Z,2026-03-11T06:22:27Z,180.62,180.62,0.00,true
cust_01JSCQHMGXGHZTNY9TB630ZBQM,subs_01JXETJZQTV28DQKCNCFBX999D,inv_01KH5Q4JPQKY4VAP8CGP53S5YH,2026-01-11T06:22:27Z,2026-02-11T06:22:27Z,669.05,670.10,-1.05,true
cust_01JSCQKQ9Q5N93ZNHRYAE6Z6H0,subs_01JXETGXNR16WXQA7KHRYS8QR0,inv_01KKDSFHFZWV0WTSEKKC0VQV87,2026-02-11T06:22:27Z,2026-03-11T06:22:27Z,1.32,1.32,0.00,true
cust_01JVC7ERVFPF49K5GWWC7NWPQG,subs_01JXETF95WW735WTV6RSN837CX,inv_01KH5Q4YC893DXRF1EMTFR890N,2026-01-11T06:22:27Z,2026-02-11T06:22:27Z,8.85,8.85,0.00,true
cust_01JW90G2KGM3NKMM6JW7ABY637,subs_01JXETF49ENH6X2AP1DT7B9B7K,inv_01KH5PBXCTBBGXJ505XT8XE90F,2026-01-11T06:22:27Z,2026-02-11T06:22:27Z,67.60,67.60,0.00,true
cust_01JW90G2KGM3NKMM6JW7ABY637,subs_01JW90G2SM1TEXAMP1PD6MW4E9,inv_01KJE6AD3CB9XJ0BY8ZDA3ZAYA,2026-01-27T00:00:00Z,2026-02-27T00:00:00Z,0.06,0.06,0.00,true
cust_01JW90G2KGM3NKMM6JW7ABY637,subs_01JW90G2SM1TEXAMP1PD6MW4E9,inv_01KFYC493WSTQ8ER5H2JFTJ54N,2025-12-27T00:00:00Z,2026-01-27T00:00:00Z,0.18,0.18,0.00,true
cust_01JSCQFPZCDKKW8HBC1K602M0V,subs_01JW778F6HT1QK5SFX6PSD5KN7,inv_01KJN0XBAB8M5K8J1VV54956SJ,2026-02-01T00:00:00Z,2026-03-01T00:00:00Z,64.30,64.30,0.00,true
cust_01JSCQFPZCDKKW8HBC1K602M0V,subs_01JW778F6HT1QK5SFX6PSD5KN7,inv_01KGBC0MVKZTP77NWMYQ593M9G,2026-01-01T00:00:00Z,2026-02-01T00:00:00Z,50.80,50.80,0.00,true
cust_01JSCQFQXN8542YS15YV6D4P0B,subs_01JW7780XSQDJEYYS7FHZ8XWND,inv_01KJN0XAMNEGQDVEQPSEG72ZY5,2026-02-01T00:00:00Z,2026-03-01T00:00:00Z,60.79,60.80,-0.01,true
cust_01JSCQFQXN8542YS15YV6D4P0B,subs_01JW7780XSQDJEYYS7FHZ8XWND,inv_01KGBC0P61QTY90MMM137MM8PG,2026-01-01T00:00:00Z,2026-02-01T00:00:00Z,834.53,834.53,0.00,true
cust_01JSCQFRJ7WT63S2HJCJ5Z60DG,subs_01JW778DT27BWE58WB6WZ42S9H,inv_01KJN0XEZ3669J6QYN5EDZNY8B,2026-02-01T00:00:00Z,2026-03-01T00:00:00Z,32431.94,32433.08,-1.14,true
cust_01JSCQFRJ7WT63S2HJCJ5Z60DG,subs_01JW778DT27BWE58WB6WZ42S9H,inv_01KGBC3J8Z6SXYKBS1YYR2A19M,2026-01-01T00:00:00Z,2026-02-01T00:00:00Z,38092.65,8069.13,30023.52,true
cust_01JVC7ERVFPF49K5GWWC7NWPQG,subs_01JVC8PBE18R7FS3D9ZYA35GES,inv_01KKV1D4X73094J44CF1VF5AD9,2026-02-16T09:59:58Z,2026-03-16T09:59:58Z,0.05,0.05,0.00,true
cust_01JSCQMHR985NT2HPHX44PVCF1,subs_01JSCQMHVEDWSZ28CKXGTNBX2P,inv_01KHYRSGFWGD6NB5BDMR5APFAN,2026-01-21T00:00:00Z,2026-02-21T00:00:00Z,545.99,547.04,-1.05,true
cust_01JSCQMHR985NT2HPHX44PVCF1,subs_01JSCQMHVEDWSZ28CKXGTNBX2P,inv_01KFEYK9MSAGEPVVZKPV9999CD,2025-12-21T00:00:00Z,2026-01-21T00:00:00Z,552.31,552.43,-0.12,true
cust_01JSCQKYRN1B1FZJJM58K3JTNQ,subs_01JSCQKYVYJZHECX2F9RYMM96A,inv_01KJN0XD9CGDRSY0SEX033Q99K,2026-02-01T00:00:00Z,2026-03-01T00:00:00Z,4780.72,4780.75,-0.03,true
cust_01JSCQKYRN1B1FZJJM58K3JTNQ,subs_01JSCQKYVYJZHECX2F9RYMM96A,inv_01KGBC2GNY9W9JSY62RK6MHKGD,2026-01-01T00:00:00Z,2026-02-01T00:00:00Z,3002.89,3004.40,-1.51,true
cust_01JSCQKQ9Q5N93ZNHRYAE6Z6H0,subs_01JSCQKQCWEGK28X6NZEVJW0W8,inv_01KHYQYM820AC4EXN4GZZAKJ08,2026-01-21T00:00:00Z,2026-02-21T00:00:00Z,0.63,0.63,0.00,true
cust_01JSCQKQ9Q5N93ZNHRYAE6Z6H0,subs_01JSCQKQCWEGK28X6NZEVJW0W8,inv_01KFEYKD0MGWJDVTS6K8KXZD2N,2025-12-21T00:00:00Z,2026-01-21T00:00:00Z,6.19,6.19,0.00,true
cust_01JSCQJRHM0Q4BK75NHCHXFD1N,subs_01JSCQJRMX0VYF36GWZ9QNW2FY,inv_01KFEXRCNS2XSQZG0DDNFGVJSQ,2025-12-21T00:00:00Z,2026-01-21T00:00:00Z,0.06,0.06,0.00,true
cust_01JSCQJ23DYSWF2H1TACKFSNRZ,subs_01JSCQJ26PB8HMQ7V5K3Y2XCDB,,2025-12-21T00:00:00Z,2026-01-21T00:00:00Z,0.00,,0.00,false
cust_01JSCQHZE8JZT3W6NQHRFKMP99,subs_01JSCQHZHDXH89TX0FCSER0VVC,,2026-01-21T00:00:00Z,2026-02-21T00:00:00Z,0.00,,0.00,false
cust_01JSCQHV7YZ2NF1EX2GRN6BZNJ,subs_01JSCQHVB4C51WXMTQCWB0HMN2,inv_01KFEZEVAVKX5AX1Y60CWCP9BJ,2025-12-21T00:00:00Z,2026-01-21T00:00:00Z,0.02,0.02,0.00,true
cust_01JSCQGB29SJT7TXTW5G3P60NJ,subs_01JSCQGB5NX7EDW6FFH7PPQVEA,inv_01KHYQZGNEXH66F5ARXKQVAAJ0,2026-01-21T00:00:00Z,2026-02-21T00:00:00Z,0.10,0.10,0.00,true
cust_01JSCQGB29SJT7TXTW5G3P60NJ,subs_01JSCQGB5NX7EDW6FFH7PPQVEA,inv_01KFEYKF1CHHB41F0BCSFFXWHK,2025-12-21T00:00:00Z,2026-01-21T00:00:00Z,2.61,2.60,0.01,true
cust_01JSCQG83JB290MNCQ5PVGR827,subs_01JSCQG871SDQE8CSPYV936TF9,inv_01KHYQZJV0D3BGC737VXV8K7SS,2026-01-21T00:00:00Z,2026-02-21T00:00:00Z,0.02,0.02,0.00,true
cust_01JSCQG83JB290MNCQ5PVGR827,subs_01JSCQG871SDQE8CSPYV936TF9,,2025-12-21T00:00:00Z,2026-01-21T00:00:00Z,0.00,,0.00,false
cust_01JSCQG282HQYB45H96H7T0CSS,subs_01JSCQG2B5TVR0DSX8Z89S26D7,inv_01KHYQZJG8KC8S8DAPC41GCH3C,2026-01-21T00:00:00Z,2026-02-21T00:00:00Z,0.06,0.06,0.00,true
cust_01JSCQG282HQYB45H96H7T0CSS,subs_01JSCQG2B5TVR0DSX8Z89S26D7,inv_01KFEYKGAX34V70QZXVPYFZ0J4,2025-12-21T00:00:00Z,2026-01-21T00:00:00Z,0.21,0.21,0.00,true
cust_01JSCQFRJ7WT63S2HJCJ5Z60DG,subs_01JSCQFRNF69J97SEJTQ2GCB6D,inv_01KHYQZP47G8VE6HD6YQQ3R0RN,2026-01-21T00:00:00Z,2026-02-21T00:00:00Z,296.42,296.39,0.03,true
cust_01JSCQFRJ7WT63S2HJCJ5Z60DG,subs_01JSCQFRNF69J97SEJTQ2GCB6D,inv_01KFEYKKB0C8AB2AZYX6R27WD7,2025-12-21T00:00:00Z,2026-01-21T00:00:00Z,45.43,45.43,0.00,true
cust_01JSCQFQXN8542YS15YV6D4P0B,subs_01JSCQFR0ZP8HWYKBH7XSH5P9H,inv_01KHYQZF6Z6DGD1Y39B3D1MQ9R,2026-01-21T00:00:00Z,2026-02-21T00:00:00Z,4.46,4.45,0.01,true
cust_01JSCQFQXN8542YS15YV6D4P0B,subs_01JSCQFR0ZP8HWYKBH7XSH5P9H,inv_01KFEYKM2F3D6XJWXFSBB4SWED,2025-12-21T00:00:00Z,2026-01-21T00:00:00Z,8.72,8.74,-0.02,true
cust_01JSCQFPB0QC4A9B6P3XT32AX6,subs_01JSCQFPE55FMGW44XFXGNXDT6,inv_01KHYQZEG8ZA2C8SSKT20TX5B0,2026-01-21T00:00:00Z,2026-02-21T00:00:00Z,0.03,0.03,0.00,true
cust_01JSCQFP0N8XMZZ0N79ZWTBXHC,subs_01JSCQFP3YTRNHZD1EDRKV5T73,inv_01KHYQZNB93N75KYR0VZ2GKX4A,2026-01-21T00:00:00Z,2026-02-21T00:00:00Z,0.66,0.66,0.00,true
cust_01JSCQFP0N8XMZZ0N79ZWTBXHC,subs_01JSCQFP3YTRNHZD1EDRKV5T73,inv_01KFEYKMSWBHXP5MH3801E413R,2025-12-21T00:00:00Z,2026-01-21T00:00:00Z,1.99,1.99,0.00,true
cust_01JSCQFPZCDKKW8HBC1K602M0V,subs_01JSCQFQ2E2J8NBYK3VJPRNKRP,inv_01KHYQZPVCKKQFDJQ2VA0Z4DEB,2026-01-21T00:00:00Z,2026-02-21T00:00:00Z,4451.59,4451.99,-0.40,true
cust_01JSCQFPZCDKKW8HBC1K602M0V,subs_01JSCQFQ2E2J8NBYK3VJPRNKRP,inv_01KFEYKMJ559YHKRXZSF1JWZDZ,2025-12-21T00:00:00Z,2026-01-21T00:00:00Z,330.56,330.70,-0.14,true
