customer_id,subscription_id,invoice_id,period_start,period_end,analytics_amount,invoice_subtotal,diff,invoice_generated,sub_current_period_start,sub_current_period_end,sub_start_date,billing_anchor
cust_01KJJKY63MBCW807AB8X68G6A3,subs_01KJJKY68B3451AS25M6PC3PQT,,2026-02-28T00:00:00Z,2026-03-01T00:00:00Z,0.010000,,0.01,false,2026-03-01T00:00:00Z,2026-04-01T00:00:00Z,2026-02-28T00:00:00Z,2026-03-01T00:00:00Z
cust_01KJJKY63MBCW807AB8X68G6A3,subs_01KJJKY6CMFE2H2DQH9C436003,,2026-02-28T00:00:00Z,2026-03-01T00:00:00Z,0.010000,,0.01,false,2026-03-01T00:00:00Z,2026-04-01T00:00:00Z,2026-02-28T00:00:00Z,2026-03-01T00:00:00Z
cust_01KJD1YZV2TFRNDD9JD7W2CJX8,subs_01KJD1Z02TM11620J2CSEQRETZ,,2026-02-26T00:00:00Z,2026-03-01T00:00:00Z,0.010000,,0.01,false,2026-03-01T00:00:00Z,2026-04-01T00:00:00Z,2026-02-26T00:00:00Z,2026-03-01T00:00:00Z
cust_01KJD1YZV2TFRNDD9JD7W2CJX8,subs_01KJD1YZZNJRDTDEEQ4DF5EGQ8,,2026-02-26T00:00:00Z,2026-03-01T00:00:00Z,0.010000,,0.01,false,2026-03-01T00:00:00Z,2026-04-01T00:00:00Z,2026-02-26T00:00:00Z,2026-03-01T00:00:00Z
cust_01KJCJA6TTT0HP4HTRDBT90HZC,subs_01KJCJA6ZY4S0BZ51WJS92F1NB,,2026-02-26T00:00:00Z,2026-03-01T00:00:00Z,0.360000,,0.36,false,2026-03-01T00:00:00Z,2026-04-01T00:00:00Z,2026-02-26T00:00:00Z,2026-03-01T00:00:00Z
cust_01KJCJA6TTT0HP4HTRDBT90HZC,subs_01KJCJA731KHPT7Y4J9H8ACA4T,,2026-02-26T00:00:00Z,2026-03-01T00:00:00Z,0.360000,,0.36,false,2026-03-01T00:00:00Z,2026-04-01T00:00:00Z,2026-02-26T00:00:00Z,2026-03-01T00:00:00Z
cust_01KJ9ZBTJDP8XNCMA48DV1BT14,subs_01KJ9ZBTT28TKRG1HRZS3PFMDJ,,2026-02-25T00:00:00Z,2026-03-01T00:00:00Z,51.200000,,51.20,false,2026-03-01T00:00:00Z,2026-04-01T00:00:00Z,2026-02-25T00:00:00Z,2026-03-01T00:00:00Z
cust_01KJ9ZBTJDP8XNCMA48DV1BT14,subs_01KJ9ZBTKF61WAXSYP64TDTP1G,,2026-02-25T00:00:00Z,2026-03-01T00:00:00Z,51.200000,,51.20,false,2026-03-01T00:00:00Z,2026-04-01T00:00:00Z,2026-02-25T00:00:00Z,2026-03-01T00:00:00Z
cust_01KJ87B441G45H8563T5XPVN6M,subs_01KJ87B4CPKSQNPK3XMPJRCQY6,,2026-02-24T00:00:00Z,2026-03-01T00:00:00Z,1.690000,,1.69,false,2026-03-01T00:00:00Z,2026-04-01T00:00:00Z,2026-02-24T00:00:00Z,2026-03-01T00:00:00Z
cust_01KJ87B441G45H8563T5XPVN6M,subs_01KJ87B493YDQK7GJ8QCV01N6S,,2026-02-24T00:00:00Z,2026-03-01T00:00:00Z,1.690000,,1.69,false,2026-03-01T00:00:00Z,2026-04-01T00:00:00Z,2026-02-24T00:00:00Z,2026-03-01T00:00:00Z
cust_01KJ7G71YD6C6WD1KQ5YD66GN3,subs_01KJ7G726Y1GNS2Y5WFXC5PRRR,,2026-02-24T00:00:00Z,2026-03-01T00:00:00Z,0.870000,,0.87,false,2026-03-01T00:00:00Z,2026-04-01T00:00:00Z,2026-02-24T00:00:00Z,2026-03-01T00:00:00Z
cust_01KJ7C5EXCE15KMKYBFV8ZW91E,subs_01KJ7C5F4G4CNRAZCTHYA35JV2,,2026-02-24T00:00:00Z,2026-03-01T00:00:00Z,0.550000,,0.55,false,2026-03-01T00:00:00Z,2026-04-01T00:00:00Z,2026-02-24T00:00:00Z,2026-03-01T00:00:00Z
cust_01KJ7C5EXCE15KMKYBFV8ZW91E,subs_01KJ7C5EYCF71G7KA3BTA13M82,,2026-02-24T00:00:00Z,2026-03-01T00:00:00Z,0.550000,,0.55,false,2026-03-01T00:00:00Z,2026-04-01T00:00:00Z,2026-02-24T00:00:00Z,2026-03-01T00:00:00Z
cust_01KJ25S6EK3FN0W70YTVEHFFPP,subs_01KJ25S6J72Z1Z5F2F5SGSX026,,2026-02-22T00:00:00Z,2026-03-01T00:00:00Z,1.190000,,1.19,false,2026-03-01T00:00:00Z,2026-04-01T00:00:00Z,2026-02-22T00:00:00Z,2026-03-01T00:00:00Z
cust_01KJ25S6EK3FN0W70YTVEHFFPP,subs_01KJ25S6MR7AWQTDB7FQ1TM516,,2026-02-22T00:00:00Z,2026-03-01T00:00:00Z,1.190000,,1.19,false,2026-03-01T00:00:00Z,2026-04-01T00:00:00Z,2026-02-22T00:00:00Z,2026-03-01T00:00:00Z
cust_01KJ1SRZZ40NW0NRRA6T98Y49T,subs_01KJ1SS0708SXKS195JDMEZJEQ,,2026-02-22T00:00:00Z,2026-03-01T00:00:00Z,0.050000,,0.05,false,2026-03-01T00:00:00Z,2026-04-01T00:00:00Z,2026-02-22T00:00:00Z,2026-03-01T00:00:00Z
cust_01KJ1SRZZ40NW0NRRA6T98Y49T,subs_01KJ1SS03PXZ6WADEEM9AD56Y9,,2026-02-22T00:00:00Z,2026-03-01T00:00:00Z,0.050000,,0.05,false,2026-03-01T00:00:00Z,2026-04-01T00:00:00Z,2026-02-22T00:00:00Z,2026-03-01T00:00:00Z
cust_01KJ0AT4DZNHGT475K1QY44YNY,subs_01KJ0AT4KDB7FCC9RTD5S6Z8PF,,2026-02-21T00:00:00Z,2026-03-01T00:00:00Z,0.300000,,0.30,false,2026-03-01T00:00:00Z,2026-04-01T00:00:00Z,2026-02-21T00:00:00Z,2026-03-01T00:00:00Z
cust_01KJ0AT4DZNHGT475K1QY44YNY,subs_01KJ0AT4PTV0WW2QZXAFAKTWD8,,2026-02-21T00:00:00Z,2026-03-01T00:00:00Z,0.300000,,0.30,false,2026-03-01T00:00:00Z,2026-04-01T00:00:00Z,2026-02-21T00:00:00Z,2026-03-01T00:00:00Z
cust_01KJ04Z4PEHCES2451BFXV0PDR,subs_01KJ04Z507R6DX59X8NP13ZRPK,,2026-02-21T00:00:00Z,2026-03-01T00:00:00Z,0.080000,,0.08,false,2026-03-01T00:00:00Z,2026-04-01T00:00:00Z,2026-02-21T00:00:00Z,2026-03-01T00:00:00Z
cust_01KJ04Z4PEHCES2451BFXV0PDR,subs_01KJ04Z4WKFZRJPHP35ZDCH6AF,,2026-02-21T00:00:00Z,2026-03-01T00:00:00Z,0.080000,,0.08,false,2026-03-01T00:00:00Z,2026-04-01T00:00:00Z,2026-02-21T00:00:00Z,2026-03-01T00:00:00Z
cust_01KHPFE3PMM538BSC4N90A6VGW,subs_01KHPFE3XPVDN411442F374KXT,,2026-02-17T00:00:00Z,2026-03-01T00:00:00Z,3.610000,,3.61,false,2026-03-01T00:00:00Z,2026-04-01T00:00:00Z,2026-02-17T00:00:00Z,2026-03-01T00:00:00Z
cust_01KHPFBPCA76MXMTP8TP11BTZ1,subs_01KHPFBPDAP4N2JJN6JMWCSSEA,,2026-02-17T00:00:00Z,2026-03-01T00:00:00Z,1.600000,,1.60,false,2026-03-01T00:00:00Z,2026-04-01T00:00:00Z,2026-02-17T00:00:00Z,2026-03-01T00:00:00Z
cust_01KHPFBPCA76MXMTP8TP11BTZ1,subs_01KHPFBPMPXDKP6TT1WRFHFTTM,,2026-02-17T00:00:00Z,2026-03-01T00:00:00Z,1.600000,,1.60,false,2026-03-01T00:00:00Z,2026-04-01T00:00:00Z,2026-02-17T00:00:00Z,2026-03-01T00:00:00Z
cust_01KHPFE3PMM538BSC4N90A6VGW,subs_01KHPFE3QF4FMBHP3G9DXBN1GZ,,2026-02-17T00:00:00Z,2026-03-01T00:00:00Z,3.610000,,3.61,false,2026-03-01T00:00:00Z,2026-04-01T00:00:00Z,2026-02-17T00:00:00Z,2026-03-01T00:00:00Z
cust_01KHBHNGF9W28E3S148H4ZV4H0,subs_01KHBHNHH73YX04YQKRQTKKN4F,,2026-02-13T00:00:00Z,2026-03-01T00:00:00Z,0.680000,,0.68,false,2026-03-01T00:00:00Z,2026-04-01T00:00:00Z,2026-02-13T00:00:00Z,2026-03-01T00:00:00Z
cust_01KHBHNGF9W28E3S148H4ZV4H0,subs_01KHBHNGG21A2BANMSDD5M25FH,,2026-02-13T00:00:00Z,2026-03-01T00:00:00Z,0.680000,,0.68,false,2026-03-01T00:00:00Z,2026-04-01T00:00:00Z,2026-02-13T00:00:00Z,2026-03-01T00:00:00Z
cust_01KH6RVX4G6CNB383SMNA05GZ6,subs_01KH6RVXC6H7B07WY3352HR3VY,,2026-02-11T00:00:00Z,2026-03-01T00:00:00Z,0.010000,,0.01,false,2026-03-01T00:00:00Z,2026-04-01T00:00:00Z,2026-02-11T00:00:00Z,2026-03-01T00:00:00Z
cust_01KH6RVX4G6CNB383SMNA05GZ6,subs_01KH6RVX90EE05K2YBE4PNHYKV,,2026-02-11T00:00:00Z,2026-03-01T00:00:00Z,0.010000,,0.01,false,2026-03-01T00:00:00Z,2026-04-01T00:00:00Z,2026-02-11T00:00:00Z,2026-03-01T00:00:00Z
cust_01KH5P8X0X5GCV8EAYJ0ZBH9W7,subs_01KH5P8X8PWEN4A95VAR954XTB,,2026-02-11T00:00:00Z,2026-03-01T00:00:00Z,4789.020000,,4789.02,false,2026-03-01T00:00:00Z,2026-04-01T00:00:00Z,2026-02-11T00:00:00Z,2026-03-01T00:00:00Z
cust_01KGWJ2ET6XPG19A7XT0MD5NCV,subs_01KGWJ2F6EVTZZF47Q60VTZQH6,,2026-02-07T00:00:00Z,2026-03-01T00:00:00Z,0.400000,,0.40,false,2026-03-01T00:00:00Z,2026-04-01T00:00:00Z,2026-02-07T00:00:00Z,2026-03-01T00:00:00Z
cust_01KGWJ2ET6XPG19A7XT0MD5NCV,subs_01KGWJ2F2N0MZB7D2JVCE77HWM,,2026-02-07T00:00:00Z,2026-03-01T00:00:00Z,0.400000,,0.40,false,2026-03-01T00:00:00Z,2026-04-01T00:00:00Z,2026-02-07T00:00:00Z,2026-03-01T00:00:00Z
cust_01KGSNKW878AKN0Y1193A9921R,subs_01KGSNKXHSHJ741PD09BCAVG65,,2026-02-06T00:00:00Z,2026-03-01T00:00:00Z,15.170000,,15.17,false,2026-03-01T00:00:00Z,2026-04-01T00:00:00Z,2026-02-06T00:00:00Z,2026-03-01T00:00:00Z
cust_01KGSNKW878AKN0Y1193A9921R,subs_01KGSNKW9673V0WTRWE6KWQQ0P,,2026-02-06T00:00:00Z,2026-03-01T00:00:00Z,15.170000,,15.17,false,2026-03-01T00:00:00Z,2026-04-01T00:00:00Z,2026-02-06T00:00:00Z,2026-03-01T00:00:00Z
cust_01KGRP5B6V4ZPSYJJX7RNR84EZ,subs_01KGRP5BEAVBSCMVR49Z89GFXX,,2026-02-06T00:00:00Z,2026-03-01T00:00:00Z,0.010000,,0.01,false,2026-03-01T00:00:00Z,2026-04-01T00:00:00Z,2026-02-06T00:00:00Z,2026-03-01T00:00:00Z
cust_01KGPXZ4VBT7H8YKNA43EEMPQW,subs_01KGPXZ5DQEA7Z6JFRD9V2EJX5,,2026-02-05T00:00:00Z,2026-03-01T00:00:00Z,0.010000,,0.01,false,2026-03-01T00:00:00Z,2026-04-01T00:00:00Z,2026-02-05T00:00:00Z,2026-03-01T00:00:00Z
cust_01KGRP5B6V4ZPSYJJX7RNR84EZ,subs_01KGRP5BB1HBHF01W50D3MG1DH,,2026-02-06T00:00:00Z,2026-03-01T00:00:00Z,0.010000,,0.01,false,2026-03-01T00:00:00Z,2026-04-01T00:00:00Z,2026-02-06T00:00:00Z,2026-03-01T00:00:00Z
cust_01KGPXZ4VBT7H8YKNA43EEMPQW,subs_01KGPXZ5W69ADEYXN7QCAPDD2N,,2026-02-05T00:00:00Z,2026-03-01T00:00:00Z,0.010000,,0.01,false,2026-03-01T00:00:00Z,2026-04-01T00:00:00Z,2026-02-05T00:00:00Z,2026-03-01T00:00:00Z
cust_01KGKF9DCH0N5JSY7K9VTN583Z,subs_01KGKF9DJQRJ3MXRQCH498H93V,,2026-02-04T00:00:00Z,2026-03-01T00:00:00Z,0.930000,,0.93,false,2026-03-01T00:00:00Z,2026-04-01T00:00:00Z,2026-02-04T00:00:00Z,2026-03-01T00:00:00Z
cust_01KGKF9DCH0N5JSY7K9VTN583Z,subs_01KGKF9DD7NDSC8YKKKMG6KWY6,,2026-02-04T00:00:00Z,2026-03-01T00:00:00Z,0.930000,,0.93,false,2026-03-01T00:00:00Z,2026-04-01T00:00:00Z,2026-02-04T00:00:00Z,2026-03-01T00:00:00Z
cust_01KGHPP1BGRV6BHY4V1AYFZJN6,subs_01KGHPP1Y1ESG9H2X7RDHPN034,,2026-02-03T00:00:00Z,2026-03-01T00:00:00Z,63.420000,,63.42,false,2026-03-01T00:00:00Z,2026-04-01T00:00:00Z,2026-02-03T00:00:00Z,2026-03-01T00:00:00Z
cust_01KGF5T942533324R0B32S5ZSX,subs_01KGF5T9B52R489CZDX7D10C2Z,,2026-02-02T00:00:00Z,2026-03-01T00:00:00Z,22.010000,,22.01,false,2026-03-01T00:00:00Z,2026-04-01T00:00:00Z,2026-02-02T00:00:00Z,2026-03-01T00:00:00Z
cust_01KG7BCX1PW4CGF5Z5FH8HRT7F,subs_01KG7BCX9QFW0N3DQ21GK7N39S,,2026-01-30T00:00:00Z,2026-02-01T00:00:00Z,0.040000,,0.04,false,2026-03-01T00:00:00Z,2026-04-01T00:00:00Z,2026-01-30T00:00:00Z,2026-02-01T00:00:00Z
cust_01KG7BCX1PW4CGF5Z5FH8HRT7F,subs_01KG7BCX6A30HM3KMT9CBHK8FW,,2026-01-30T00:00:00Z,2026-02-01T00:00:00Z,0.040000,,0.04,false,2026-03-01T00:00:00Z,2026-04-01T00:00:00Z,2026-01-30T00:00:00Z,2026-02-01T00:00:00Z
cust_01KG4T3ZGE1DNVQNJZCY9AX1GB,subs_01KG4T402JB6AGKTGBQY8GQPAW,,2026-01-29T00:00:00Z,2026-02-01T00:00:00Z,0.050000,,0.05,false,2026-03-01T00:00:00Z,2026-04-01T00:00:00Z,2026-01-29T00:00:00Z,2026-02-01T00:00:00Z
cust_01KG4T3ZGE1DNVQNJZCY9AX1GB,subs_01KG4T3ZMK57FVGV8HQKKY8680,,2026-01-29T00:00:00Z,2026-02-01T00:00:00Z,0.050000,,0.05,false,2026-03-01T00:00:00Z,2026-04-01T00:00:00Z,2026-01-29T00:00:00Z,2026-02-01T00:00:00Z
cust_01KG4KZDW372386MG83QTNPYNC,subs_01KG4KZE4E4Y1V3Z3PTVJ3Z76M,,2026-01-29T00:00:00Z,2026-02-01T00:00:00Z,0.560000,,0.56,false,2026-03-01T00:00:00Z,2026-04-01T00:00:00Z,2026-01-29T00:00:00Z,2026-02-01T00:00:00Z
cust_01KG4KZDW372386MG83QTNPYNC,subs_01KG4KZE0WZJ6W1T0FXDY6KFW5,,2026-01-29T00:00:00Z,2026-02-01T00:00:00Z,0.560000,,0.56,false,2026-03-01T00:00:00Z,2026-04-01T00:00:00Z,2026-01-29T00:00:00Z,2026-02-01T00:00:00Z
cust_01KFZKVND1VCNNBAQA7VJ0G3YA,subs_01KFZKVNK8X1H05TMYPACV8QCX,,2026-01-27T00:00:00Z,2026-02-01T00:00:00Z,0.030000,,0.03,false,2026-03-01T00:00:00Z,2026-04-01T00:00:00Z,2026-01-27T00:00:00Z,2026-02-01T00:00:00Z
cust_01KFZKVND1VCNNBAQA7VJ0G3YA,subs_01KFZKVNH1R10AJ4B2XE6GQGYR,,2026-01-27T00:00:00Z,2026-02-01T00:00:00Z,0.030000,,0.03,false,2026-03-01T00:00:00Z,2026-04-01T00:00:00Z,2026-01-27T00:00:00Z,2026-02-01T00:00:00Z
cust_01KFXCXJEJ5ZA89GEZPY4B2494,subs_01KFXCXJMDPAATDN6JCHBRKSWS,,2026-01-26T00:00:00Z,2026-02-01T00:00:00Z,0.040000,,0.04,false,2026-03-01T00:00:00Z,2026-04-01T00:00:00Z,2026-01-26T00:00:00Z,2026-02-01T00:00:00Z
cust_01KFXCXJEJ5ZA89GEZPY4B2494,subs_01KFXCXJJD8YX245HBF8MBHE0B,,2026-01-26T00:00:00Z,2026-02-01T00:00:00Z,0.040000,,0.04,false,2026-03-01T00:00:00Z,2026-04-01T00:00:00Z,2026-01-26T00:00:00Z,2026-02-01T00:00:00Z
cust_01KFQYZANMMGRAB18XQSX9RX1F,subs_01KFQYZAY8DB04GJPPHQHT5F3N,,2026-01-24T00:00:00Z,2026-02-01T00:00:00Z,0.030000,,0.03,false,2026-03-01T00:00:00Z,2026-04-01T00:00:00Z,2026-01-24T00:00:00Z,2026-02-01T00:00:00Z
cust_01KFQYZANMMGRAB18XQSX9RX1F,subs_01KFQYZAV1C957ZJBCYEMX5MK1,,2026-01-24T00:00:00Z,2026-02-01T00:00:00Z,0.030000,,0.03,false,2026-03-01T00:00:00Z,2026-04-01T00:00:00Z,2026-01-24T00:00:00Z,2026-02-01T00:00:00Z
cust_01KFPPTV4PT3SKB464QVJ5VV17,subs_01KFPPTVC3KT61R08XBXGA205C,,2026-01-24T00:00:00Z,2026-02-01T00:00:00Z,0.020000,,0.02,false,2026-03-01T00:00:00Z,2026-04-01T00:00:00Z,2026-01-24T00:00:00Z,2026-02-01T00:00:00Z
cust_01KFPPTV4PT3SKB464QVJ5VV17,subs_01KFPPTV97P2QBR9G2MNE051KG,,2026-01-24T00:00:00Z,2026-02-01T00:00:00Z,0.020000,,0.02,false,2026-03-01T00:00:00Z,2026-04-01T00:00:00Z,2026-01-24T00:00:00Z,2026-02-01T00:00:00Z
cust_01KFNDHYWMPKFF8JH8MJRAQKA9,subs_01KFNDHYXH8P4SKXFAQ3QPBMMN,,2026-02-01T00:00:00Z,2026-03-01T00:00:00Z,0.010000,,0.01,false,2026-03-01T00:00:00Z,2026-04-01T00:00:00Z,2026-01-23T00:00:00Z,2026-02-01T00:00:00Z
cust_01KFNDHYWMPKFF8JH8MJRAQKA9,subs_01KFNDHZ04ZPNY0NBAV8KMZ86G,,2026-02-01T00:00:00Z,2026-03-01T00:00:00Z,0.010000,,0.01,false,2026-03-01T00:00:00Z,2026-04-01T00:00:00Z,2026-01-23T00:00:00Z,2026-02-01T00:00:00Z
cust_01KFNDHYWMPKFF8JH8MJRAQKA9,subs_01KFNDHZ04ZPNY0NBAV8KMZ86G,,2026-01-23T00:00:00Z,2026-02-01T00:00:00Z,0.070000,,0.07,false,2026-03-01T00:00:00Z,2026-04-01T00:00:00Z,2026-01-23T00:00:00Z,2026-02-01T00:00:00Z
cust_01KFNDHYWMPKFF8JH8MJRAQKA9,subs_01KFNDHZ37BD7B6XEKZWRS6QPS,,2026-02-01T00:00:00Z,2026-03-01T00:00:00Z,0.010000,,0.01,false,2026-03-01T00:00:00Z,2026-04-01T00:00:00Z,2026-01-23T00:00:00Z,2026-02-01T00:00:00Z
cust_01KFNDHYWMPKFF8JH8MJRAQKA9,subs_01KFNDHZ37BD7B6XEKZWRS6QPS,,2026-01-23T00:00:00Z,2026-02-01T00:00:00Z,0.070000,,0.07,false,2026-03-01T00:00:00Z,2026-04-01T00:00:00Z,2026-01-23T00:00:00Z,2026-02-01T00:00:00Z
cust_01KFFNFRN97XV8PWFB8XQNWR1F,subs_01KFFNFRVR2F2ZYEKQJPF9BFP1,,2026-01-21T00:00:00Z,2026-02-01T00:00:00Z,99.530000,,99.53,false,2026-03-01T00:00:00Z,2026-04-01T00:00:00Z,2026-01-21T00:00:00Z,2026-02-01T00:00:00Z
cust_01KFFNFRN97XV8PWFB8XQNWR1F,subs_01KFFNFRNYX0PXABTKVB8MPCQ4,,2026-01-21T00:00:00Z,2026-02-01T00:00:00Z,99.530000,,99.53,false,2026-03-01T00:00:00Z,2026-04-01T00:00:00Z,2026-01-21T00:00:00Z,2026-02-01T00:00:00Z
cust_01KFFKSEEQHWJDKR1D1QF4KEQW,subs_01KFFKSF6K37MQVEC5HNPPZSSY,,2026-02-01T00:00:00Z,2026-03-01T00:00:00Z,0.180000,,0.18,false,2026-03-01T00:00:00Z,2026-04-01T00:00:00Z,2026-01-21T00:00:00Z,2026-02-01T00:00:00Z
cust_01KFFKSEEQHWJDKR1D1QF4KEQW,subs_01KFFKSF6K37MQVEC5HNPPZSSY,,2026-01-21T00:00:00Z,2026-02-01T00:00:00Z,0.040000,,0.04,false,2026-03-01T00:00:00Z,2026-04-01T00:00:00Z,2026-01-21T00:00:00Z,2026-02-01T00:00:00Z
cust_01KFFKSEEQHWJDKR1D1QF4KEQW,subs_01KFFKSEVK5SNHNSZGBTT0MCZH,,2026-02-01T00:00:00Z,2026-03-01T00:00:00Z,0.180000,,0.18,false,2026-03-01T00:00:00Z,2026-04-01T00:00:00Z,2026-01-21T00:00:00Z,2026-02-01T00:00:00Z
cust_01KFFKSEEQHWJDKR1D1QF4KEQW,subs_01KFFKSEVK5SNHNSZGBTT0MCZH,,2026-01-21T00:00:00Z,2026-02-01T00:00:00Z,0.040000,,0.04,false,2026-03-01T00:00:00Z,2026-04-01T00:00:00Z,2026-01-21T00:00:00Z,2026-02-01T00:00:00Z
cust_01KF0Q9C28M42KKV8S1BDF4G0A,subs_01KF0Q9C9M6BF3MST79ESY1ARS,,2026-01-15T00:00:00Z,2026-02-01T00:00:00Z,321.730000,,321.73,false,2026-03-01T00:00:00Z,2026-04-01T00:00:00Z,2026-01-15T00:00:00Z,2026-02-01T00:00:00Z
cust_01KF0Q9C28M42KKV8S1BDF4G0A,subs_01KF0Q9C39W7HRKS3GNH2PZ1RM,,2026-01-15T00:00:00Z,2026-02-01T00:00:00Z,321.730000,,321.73,false,2026-03-01T00:00:00Z,2026-04-01T00:00:00Z,2026-01-15T00:00:00Z,2026-02-01T00:00:00Z
cust_01KEY5JBKKEYP2QSNMCR38JE3D,subs_01KEY5JBVDBPGCGVA9BW7HD6YW,,2026-01-14T00:00:00Z,2026-02-01T00:00:00Z,0.070000,,0.07,false,2026-03-01T00:00:00Z,2026-04-01T00:00:00Z,2026-01-14T00:00:00Z,2026-02-01T00:00:00Z
cust_01KEY5JBKKEYP2QSNMCR38JE3D,subs_01KEY5JBQEKDB4RX0JGHT28K6A,,2026-01-14T00:00:00Z,2026-02-01T00:00:00Z,0.070000,,0.07,false,2026-03-01T00:00:00Z,2026-04-01T00:00:00Z,2026-01-14T00:00:00Z,2026-02-01T00:00:00Z
cust_01KEVH0WRGJ0AT1BDDB015DEGB,subs_01KEVH0WZERP5YKK8AX8979RGG,,2026-01-13T00:00:00Z,2026-02-01T00:00:00Z,15.600000,,15.60,false,2026-03-01T00:00:00Z,2026-04-01T00:00:00Z,2026-01-13T00:00:00Z,2026-02-01T00:00:00Z
cust_01KEVH0WRGJ0AT1BDDB015DEGB,subs_01KEVH0WSE15ZZ1DRWPB52FNPZ,,2026-01-13T00:00:00Z,2026-02-01T00:00:00Z,15.600000,,15.60,false,2026-03-01T00:00:00Z,2026-04-01T00:00:00Z,2026-01-13T00:00:00Z,2026-02-01T00:00:00Z
cust_01KEG1YSQAFTADCZ5V1DT8X18G,subs_01KEG1YSVN92A46ADE0X4V5MZS,,2026-01-09T00:00:00Z,2026-02-01T00:00:00Z,0.250000,,0.25,false,2026-03-01T00:00:00Z,2026-04-01T00:00:00Z,2026-01-09T00:00:00Z,2026-02-01T00:00:00Z
cust_01KEG1YSQAFTADCZ5V1DT8X18G,subs_01KEG1YSYRXV47HJBT6SFTAWAH,,2026-01-09T00:00:00Z,2026-02-01T00:00:00Z,0.250000,,0.25,false,2026-03-01T00:00:00Z,2026-04-01T00:00:00Z,2026-01-09T00:00:00Z,2026-02-01T00:00:00Z
cust_01KEF3GC988VK2TJGS1BSXWKV7,subs_01KEF3GCCRFXASVRZ0D3KWY2AA,,2026-01-08T00:00:00Z,2026-02-01T00:00:00Z,0.060000,,0.06,false,2026-03-01T00:00:00Z,2026-04-01T00:00:00Z,2026-01-08T00:00:00Z,2026-02-01T00:00:00Z
cust_01KEF3GC988VK2TJGS1BSXWKV7,subs_01KEF3GCFKA6SC2SAH2JYQ2FNS,,2026-01-08T00:00:00Z,2026-02-01T00:00:00Z,0.060000,,0.06,false,2026-03-01T00:00:00Z,2026-04-01T00:00:00Z,2026-01-08T00:00:00Z,2026-02-01T00:00:00Z
cust_01KE706QNR0B6KKNPFXNJYB02G,subs_01KE706QSRB9S7TADFFPMGRV02,,2026-01-05T00:00:00Z,2026-02-01T00:00:00Z,0.100000,,0.10,false,2026-03-01T00:00:00Z,2026-04-01T00:00:00Z,2026-01-05T00:00:00Z,2026-02-01T00:00:00Z
cust_01KE706QNR0B6KKNPFXNJYB02G,subs_01KE706QWMWFW0GFTYDBXC0898,,2026-01-05T00:00:00Z,2026-02-01T00:00:00Z,0.100000,,0.10,false,2026-03-01T00:00:00Z,2026-04-01T00:00:00Z,2026-01-05T00:00:00Z,2026-02-01T00:00:00Z
cust_01KE9P0KZR8QZ2QMP9NGM0F854,subs_01KE9P0M3WN7SSPEX5JFBJT07C,,2026-02-01T00:00:00Z,2026-03-01T00:00:00Z,0.400000,,0.40,false,2026-03-01T00:00:00Z,2026-04-01T00:00:00Z,2026-01-06T00:00:00Z,2026-02-01T00:00:00Z
cust_01KE9P0KZR8QZ2QMP9NGM0F854,subs_01KE9P0M3WN7SSPEX5JFBJT07C,,2026-01-06T00:00:00Z,2026-02-01T00:00:00Z,0.440000,,0.44,false,2026-03-01T00:00:00Z,2026-04-01T00:00:00Z,2026-01-06T00:00:00Z,2026-02-01T00:00:00Z
cust_01KE9P0KZR8QZ2QMP9NGM0F854,subs_01KE9P0M6VZH11AH7DZYDX6KB5,,2026-02-01T00:00:00Z,2026-03-01T00:00:00Z,0.400000,,0.40,false,2026-03-01T00:00:00Z,2026-04-01T00:00:00Z,2026-01-06T00:00:00Z,2026-02-01T00:00:00Z
cust_01KE9P0KZR8QZ2QMP9NGM0F854,subs_01KE9P0M6VZH11AH7DZYDX6KB5,,2026-01-06T00:00:00Z,2026-02-01T00:00:00Z,0.440000,,0.44,false,2026-03-01T00:00:00Z,2026-04-01T00:00:00Z,2026-01-06T00:00:00Z,2026-02-01T00:00:00Z
cust_01KE6VGVP41CCPDVJFY1G0TWRP,subs_01KE6VGVT53FWQC4099KPSYSHP,,2026-01-05T00:00:00Z,2026-02-01T00:00:00Z,0.030000,,0.03,false,2026-03-01T00:00:00Z,2026-04-01T00:00:00Z,2026-01-05T00:00:00Z,2026-02-01T00:00:00Z
cust_01KE9P0KZR8QZ2QMP9NGM0F854,subs_01KE9P0M0RE87YJZ8JR7XXZZ6A,,2026-02-01T00:00:00Z,2026-03-01T00:00:00Z,0.400000,,0.40,false,2026-03-01T00:00:00Z,2026-04-01T00:00:00Z,2026-01-06T00:00:00Z,2026-02-01T00:00:00Z
cust_01KE9P0KZR8QZ2QMP9NGM0F854,subs_01KE9P0M0RE87YJZ8JR7XXZZ6A,,2026-01-06T00:00:00Z,2026-02-01T00:00:00Z,0.440000,,0.44,false,2026-03-01T00:00:00Z,2026-04-01T00:00:00Z,2026-01-06T00:00:00Z,2026-02-01T00:00:00Z
cust_01KE6VGVP41CCPDVJFY1G0TWRP,subs_01KE6VGVWK305WFEHR6PEH2W8A,,2026-01-05T00:00:00Z,2026-02-01T00:00:00Z,0.030000,,0.03,false,2026-03-01T00:00:00Z,2026-04-01T00:00:00Z,2026-01-05T00:00:00Z,2026-02-01T00:00:00Z
cust_01KE6CGCSGSD7ZB15EZMRWVDPF,subs_01KE6CGD0PH8513PGK8CWRA7DS,,2026-01-05T00:00:00Z,2026-02-01T00:00:00Z,2.180000,,2.18,false,2026-03-01T00:00:00Z,2026-04-01T00:00:00Z,2026-01-05T00:00:00Z,2026-02-01T00:00:00Z
cust_01KE6CGCSGSD7ZB15EZMRWVDPF,subs_01KE6CGCXPSWAZ029B0H7X7HD8,,2026-01-05T00:00:00Z,2026-02-01T00:00:00Z,2.180000,,2.18,false,2026-03-01T00:00:00Z,2026-04-01T00:00:00Z,2026-01-05T00:00:00Z,2026-02-01T00:00:00Z
cust_01KE581VSJJDC72NCFB017MJV7,subs_01KE581VZR3PWW2BH3DFA9K41G,,2026-01-04T00:00:00Z,2026-02-01T00:00:00Z,0.070000,,0.07,false,2026-03-01T00:00:00Z,2026-04-01T00:00:00Z,2026-01-04T00:00:00Z,2026-02-01T00:00:00Z
cust_01KE581VSJJDC72NCFB017MJV7,subs_01KE581VX2BS9R5BEJM5ZYW5AP,,2026-01-04T00:00:00Z,2026-02-01T00:00:00Z,0.070000,,0.07,false,2026-03-01T00:00:00Z,2026-04-01T00:00:00Z,2026-01-04T00:00:00Z,2026-02-01T00:00:00Z
cust_01KD46H8YQ9E03AHZA11B1TG37,subs_01KD46H95VM90NQCJ33B8N9CNM,,2026-01-01T00:00:00Z,2026-02-01T00:00:00Z,0.100000,,0.10,false,2026-03-01T00:00:00Z,2026-04-01T00:00:00Z,2025-12-22T00:00:00Z,2026-01-01T00:00:00Z
cust_01KD2YY7CT5HMXNJX3HZFMSVJR,subs_01KD2YY7MF007SDT99KNTQYQ11,,2026-01-01T00:00:00Z,2026-02-01T00:00:00Z,157.980000,,157.98,false,2026-03-01T00:00:00Z,2026-04-01T00:00:00Z,2025-12-22T00:00:00Z,2026-01-01T00:00:00Z
cust_01KD46H8YQ9E03AHZA11B1TG37,subs_01KD46H930RZ4XNZ9TRDKA20NP,,2026-01-01T00:00:00Z,2026-02-01T00:00:00Z,0.100000,,0.10,false,2026-03-01T00:00:00Z,2026-04-01T00:00:00Z,2025-12-22T00:00:00Z,2026-01-01T00:00:00Z
cust_01KD2YY7CT5HMXNJX3HZFMSVJR,subs_01KD2YY7DW7X162HNHGQXBKGEW,,2026-01-01T00:00:00Z,2026-02-01T00:00:00Z,157.980000,,157.98,false,2026-03-01T00:00:00Z,2026-04-01T00:00:00Z,2025-12-22T00:00:00Z,2026-01-01T00:00:00Z
cust_01KCRFFH2MZX0ZYDAHFXMW2E6F,subs_01KCRFFH74V7D6ZM2ZY0JCE6YB,,2026-02-01T00:00:00Z,2026-03-01T00:00:00Z,550.800000,,550.80,false,2026-03-01T00:00:00Z,2026-04-01T00:00:00Z,2025-12-18T00:00:00Z,2026-01-01T00:00:00Z
cust_01KCRFFH2MZX0ZYDAHFXMW2E6F,subs_01KCRFFH3QGPHZ5DQ812PGVAWY,,2026-02-01T00:00:00Z,2026-03-01T00:00:00Z,550.800000,,550.80,false,2026-03-01T00:00:00Z,2026-04-01T00:00:00Z,2025-12-18T00:00:00Z,2026-01-01T00:00:00Z
cust_01KCRFFH2MZX0ZYDAHFXMW2E6F,subs_01KCRFFHABGC8K38HA7F00MB8N,,2026-02-01T00:00:00Z,2026-03-01T00:00:00Z,550.800000,,550.80,false,2026-03-01T00:00:00Z,2026-04-01T00:00:00Z,2025-12-18T00:00:00Z,2026-01-01T00:00:00Z
cust_01KCRFFH2MZX0ZYDAHFXMW2E6F,subs_01KCRFFHABGC8K38HA7F00MB8N,,2026-01-01T00:00:00Z,2026-02-01T00:00:00Z,2970.540000,,2970.54,false,2026-03-01T00:00:00Z,2026-04-01T00:00:00Z,2025-12-18T00:00:00Z,2026-01-01T00:00:00Z
cust_01KCNNVE83SJF1WYATDHDVQSQW,subs_01KCNP072ZH88VST7E1P2NRPJX,,2026-02-01T00:00:00Z,2026-03-01T00:00:00Z,2030.070000,,2030.07,false,2026-03-01T00:00:00Z,2026-04-01T00:00:00Z,2025-12-17T00:00:00Z,2026-01-01T00:00:00Z
cust_01KCNNVE83SJF1WYATDHDVQSQW,subs_01KCNP072ZH88VST7E1P2NRPJX,,2026-01-01T00:00:00Z,2026-02-01T00:00:00Z,11480.380000,,11480.38,false,2026-03-01T00:00:00Z,2026-04-01T00:00:00Z,2025-12-17T00:00:00Z,2026-01-01T00:00:00Z
cust_01KCNNVE83SJF1WYATDHDVQSQW,subs_01KCNNVG8TXJADHPYK6QX1CMKM,,2026-02-01T00:00:00Z,2026-03-01T00:00:00Z,2030.070000,,2030.07,false,2026-03-01T00:00:00Z,2026-04-01T00:00:00Z,2025-12-17T00:00:00Z,2026-01-01T00:00:00Z
cust_01KCNNVE83SJF1WYATDHDVQSQW,subs_01KCNNWMSR689D7BE20SGDN9BG,,2026-02-01T00:00:00Z,2026-03-01T00:00:00Z,2030.070000,,2030.07,false,2026-03-01T00:00:00Z,2026-04-01T00:00:00Z,2025-12-17T00:00:00Z,2026-01-01T00:00:00Z
cust_01KC8FZH3QP2VVC1YK6PRMXM0H,subs_01KC8FZHKS4DJBHT0KC7MV5FFP,,2026-02-01T00:00:00Z,2026-03-01T00:00:00Z,0.410000,,0.41,false,2026-03-01T00:00:00Z,2026-04-01T00:00:00Z,2025-12-12T00:00:00Z,2026-01-01T00:00:00Z
cust_01KC8FZH3QP2VVC1YK6PRMXM0H,subs_01KC8FZHKS4DJBHT0KC7MV5FFP,,2026-01-01T00:00:00Z,2026-02-01T00:00:00Z,2.460000,,2.46,false,2026-03-01T00:00:00Z,2026-04-01T00:00:00Z,2025-12-12T00:00:00Z,2026-01-01T00:00:00Z
cust_01KC8BBS4RK448M6EE0940Y7PW,subs_01KC8BBSCQ610VAPHK59JMYP2G,,2026-01-01T00:00:00Z,2026-02-01T00:00:00Z,0.010000,,0.01,false,2026-03-01T00:00:00Z,2026-04-01T00:00:00Z,2025-12-12T00:00:00Z,2026-01-01T00:00:00Z
cust_01KC8FZH3QP2VVC1YK6PRMXM0H,subs_01KC8FZHFK0XGPHWYDDTPY626G,,2026-02-01T00:00:00Z,2026-03-01T00:00:00Z,0.410000,,0.41,false,2026-03-01T00:00:00Z,2026-04-01T00:00:00Z,2025-12-12T00:00:00Z,2026-01-01T00:00:00Z
cust_01KC8FZH3QP2VVC1YK6PRMXM0H,subs_01KC8FZHFK0XGPHWYDDTPY626G,,2026-01-01T00:00:00Z,2026-02-01T00:00:00Z,2.460000,,2.46,false,2026-03-01T00:00:00Z,2026-04-01T00:00:00Z,2025-12-12T00:00:00Z,2026-01-01T00:00:00Z
cust_01KC8BBS4RK448M6EE0940Y7PW,subs_01KC8BBS92KNW87TVT7B2TQR0T,,2026-01-01T00:00:00Z,2026-02-01T00:00:00Z,0.010000,,0.01,false,2026-03-01T00:00:00Z,2026-04-01T00:00:00Z,2025-12-12T00:00:00Z,2026-01-01T00:00:00Z
cust_01KC802B7M51NFAV8MWTT01T04,subs_01KC802BD0Z24FDM95ZP867YTR,,2026-02-01T00:00:00Z,2026-03-01T00:00:00Z,0.010000,,0.01,false,2026-03-01T00:00:00Z,2026-04-01T00:00:00Z,2025-12-12T00:00:00Z,2026-01-01T00:00:00Z
cust_01KC802B7M51NFAV8MWTT01T04,subs_01KC802BGVHD5XW62ST9X46CJ8,,2026-02-01T00:00:00Z,2026-03-01T00:00:00Z,0.010000,,0.01,false,2026-03-01T00:00:00Z,2026-04-01T00:00:00Z,2025-12-12T00:00:00Z,2026-01-01T00:00:00Z
cust_01KC7B8ZS6T0V8AA44NDDV9ZE9,subs_01KC7B9015CAMB1Z18449NR561,,2026-01-01T00:00:00Z,2026-02-01T00:00:00Z,9.630000,,9.63,false,2026-03-01T00:00:00Z,2026-04-01T00:00:00Z,2025-12-11T00:00:00Z,2026-01-01T00:00:00Z
cust_01KC7B8ZS6T0V8AA44NDDV9ZE9,subs_01KC7B8ZT6BFS467VY1WXSZB8G,,2026-01-01T00:00:00Z,2026-02-01T00:00:00Z,9.630000,,9.63,false,2026-03-01T00:00:00Z,2026-04-01T00:00:00Z,2025-12-11T00:00:00Z,2026-01-01T00:00:00Z
cust_01KBZDH71H04B58TH6AD6KPHM3,subs_01KBZDH72KD18QW1TMW3AEAVYA,,2026-02-01T00:00:00Z,2026-03-01T00:00:00Z,10874.470000,,10874.47,false,2026-03-01T00:00:00Z,2026-04-01T00:00:00Z,2025-12-08T00:00:00Z,2026-01-01T00:00:00Z
cust_01KBZDH71H04B58TH6AD6KPHM3,subs_01KBZDH72KD18QW1TMW3AEAVYA,,2026-01-01T00:00:00Z,2026-02-01T00:00:00Z,4782.180000,,4782.18,false,2026-03-01T00:00:00Z,2026-04-01T00:00:00Z,2025-12-08T00:00:00Z,2026-01-01T00:00:00Z
cust_01KBZDH71H04B58TH6AD6KPHM3,subs_01KBZDH7DRE0G2DPZHQ35K2ZNM,,2026-02-01T00:00:00Z,2026-03-01T00:00:00Z,10874.470000,,10874.47,false,2026-03-01T00:00:00Z,2026-04-01T00:00:00Z,2025-12-08T00:00:00Z,2026-01-01T00:00:00Z
cust_01KBZDH71H04B58TH6AD6KPHM3,subs_01KBZDH7DRE0G2DPZHQ35K2ZNM,,2026-01-01T00:00:00Z,2026-02-01T00:00:00Z,4782.180000,,4782.18,false,2026-03-01T00:00:00Z,2026-04-01T00:00:00Z,2025-12-08T00:00:00Z,2026-01-01T00:00:00Z
cust_01KBZDH71H04B58TH6AD6KPHM3,subs_01KBZDH793RTT6KQ4VGCEW8YGA,,2026-02-01T00:00:00Z,2026-03-01T00:00:00Z,10874.470000,,10874.47,false,2026-03-01T00:00:00Z,2026-04-01T00:00:00Z,2025-12-08T00:00:00Z,2026-01-01T00:00:00Z
cust_01KBG9S5P5X2ZFV2XTXADEEA12,subs_01KBG9S5Q787WG8HP3903N586R,,2026-02-01T00:00:00Z,2026-03-01T00:00:00Z,1.120000,,1.12,false,2026-03-01T00:00:00Z,2026-04-01T00:00:00Z,2025-12-02T00:00:00Z,2026-01-01T00:00:00Z
cust_01KA70RV3F85TBZZZACEXY3Y29,subs_01KA70RVASFTQH9D1M9Z2D2CY0,,2026-01-01T00:00:00Z,2026-02-01T00:00:00Z,0.030000,,0.03,false,2026-03-01T00:00:00Z,2026-04-01T00:00:00Z,2025-11-16T00:00:00Z,2025-12-01T00:00:00Z
cust_01KA70RV3F85TBZZZACEXY3Y29,subs_01KA70RVFTQW071WB7CPPMB2PE,,2026-01-01T00:00:00Z,2026-02-01T00:00:00Z,0.030000,,0.03,false,2026-03-01T00:00:00Z,2026-04-01T00:00:00Z,2025-11-16T00:00:00Z,2025-12-01T00:00:00Z
cust_01KA70RV3F85TBZZZACEXY3Y29,subs_01KA70RV5HC4CGDP2ZJT1A516H,,2026-01-01T00:00:00Z,2026-02-01T00:00:00Z,0.030000,,0.03,false,2026-03-01T00:00:00Z,2026-04-01T00:00:00Z,2025-11-16T00:00:00Z,2025-12-01T00:00:00Z
cust_01K9EVW2K5R8BK34P02ZJE87K4,subs_01K9EVW2QZY6NXW23E9V62E8TB,,2026-02-01T00:00:00Z,2026-03-01T00:00:00Z,0.560000,,0.56,false,2026-03-01T00:00:00Z,2026-04-01T00:00:00Z,2025-11-07T00:00:00Z,2025-12-01T00:00:00Z
cust_01K9EVW2K5R8BK34P02ZJE87K4,subs_01K9EVW2VENZPRNVTWHYY7X2XX,,2026-02-01T00:00:00Z,2026-03-01T00:00:00Z,0.560000,,0.56,false,2026-03-01T00:00:00Z,2026-04-01T00:00:00Z,2025-11-07T00:00:00Z,2025-12-01T00:00:00Z
cust_01K8N05BB7DMKCFTS8ZEJWHGYK,subs_01K8N05BK77BTWETNA57F33VDV,,2026-01-01T00:00:00Z,2026-02-01T00:00:00Z,48.670000,,48.67,false,2026-03-01T00:00:00Z,2026-04-01T00:00:00Z,2025-10-28T00:00:00Z,2025-11-01T00:00:00Z
cust_01K8N05BB7DMKCFTS8ZEJWHGYK,subs_01K8N05BC4M3H87SMM7DTCYS9C,,2026-01-01T00:00:00Z,2026-02-01T00:00:00Z,48.670000,,48.67,false,2026-03-01T00:00:00Z,2026-04-01T00:00:00Z,2025-10-28T00:00:00Z,2025-11-01T00:00:00Z
cust_01K6XNVKEZ6X9QXGNKFXSDVJA4,subs_01K6XNVKQ9RX0R3ZGVYXRN4QHD,,2026-02-01T00:00:00Z,2026-03-01T00:00:00Z,0.020000,,0.02,false,2026-03-01T00:00:00Z,2026-04-01T00:00:00Z,2025-10-06T00:00:00Z,2025-11-01T00:00:00Z
cust_01K6XNVKEZ6X9QXGNKFXSDVJA4,subs_01K6XNVKKDP2CYQY485JZX043G,,2026-02-01T00:00:00Z,2026-03-01T00:00:00Z,0.020000,,0.02,false,2026-03-01T00:00:00Z,2026-04-01T00:00:00Z,2025-10-06T00:00:00Z,2025-11-01T00:00:00Z
cust_01JSCQMHR985NT2HPHX44PVCF1,subs_01K6MVSVPQWEB69D16N12GVJP6,inv_01KKZSYTHNS6GBBVHEW71VMR2X,2026-02-01T00:00:00Z,2026-03-01T00:00:00Z,953.020000,,953.02,true,2026-03-01T00:00:00Z,2026-04-01T00:00:00Z,2025-10-03T11:02:13Z,2025-11-01T00:00:00Z
cust_01JSCQMHR985NT2HPHX44PVCF1,subs_01K6MVSVPQWEB69D16N12GVJP6,inv_01KKZSZ0SAM2ETRVMRNN88BZHW,2026-01-01T00:00:00Z,2026-02-01T00:00:00Z,2054.320000,,2054.32,true,2026-03-01T00:00:00Z,2026-04-01T00:00:00Z,2025-10-03T11:02:13Z,2025-11-01T00:00:00Z
cust_01K6GHJTYSSR73M39Y56JGFMRG,subs_01K6GHJV6A42TWJZ428Y506GM2,,2026-02-01T00:00:00Z,2026-03-01T00:00:00Z,0.200000,,0.20,false,2026-03-01T00:00:00Z,2026-04-01T00:00:00Z,2025-10-01T00:00:00Z,2025-11-01T00:00:00Z
cust_01K6GHJTYSSR73M39Y56JGFMRG,subs_01K6GHJTZP3SKPE0NHXFA4FV39,,2026-02-01T00:00:00Z,2026-03-01T00:00:00Z,0.200000,,0.20,false,2026-03-01T00:00:00Z,2026-04-01T00:00:00Z,2025-10-01T00:00:00Z,2025-11-01T00:00:00Z
cust_01K6AP819M1YX2GKBF2H84V2GB,subs_01K6AP81GK13299XX6503H5NFW,,2026-02-01T00:00:00Z,2026-03-01T00:00:00Z,1189.890000,,1189.89,false,2026-03-01T00:00:00Z,2026-04-01T00:00:00Z,2025-09-29T00:00:00Z,2025-10-01T00:00:00Z
cust_01K62TAZXCKMB68MCWESW8E1W0,subs_01K62TB04CNKE19GD86VW9T3AJ,,2026-02-01T00:00:00Z,2026-03-01T00:00:00Z,488.640000,,488.64,false,2026-03-01T00:00:00Z,2026-04-01T00:00:00Z,2025-09-26T00:00:00Z,2025-10-01T00:00:00Z
cust_01K62TAZXCKMB68MCWESW8E1W0,subs_01K62TB04CNKE19GD86VW9T3AJ,,2026-01-01T00:00:00Z,2026-02-01T00:00:00Z,22.070000,,22.07,false,2026-03-01T00:00:00Z,2026-04-01T00:00:00Z,2025-09-26T00:00:00Z,2025-10-01T00:00:00Z
cust_01K62TAZXCKMB68MCWESW8E1W0,subs_01K62TB012NB4RFDK30N5QJ70P,,2026-02-01T00:00:00Z,2026-03-01T00:00:00Z,488.640000,,488.64,false,2026-03-01T00:00:00Z,2026-04-01T00:00:00Z,2025-09-26T00:00:00Z,2025-10-01T00:00:00Z
cust_01K62TAZXCKMB68MCWESW8E1W0,subs_01K62TB012NB4RFDK30N5QJ70P,,2026-01-01T00:00:00Z,2026-02-01T00:00:00Z,22.070000,,22.07,false,2026-03-01T00:00:00Z,2026-04-01T00:00:00Z,2025-09-26T00:00:00Z,2025-10-01T00:00:00Z
cust_01K4VJ297R23WNVM9Q0Z0WQ1ME,subs_01K4VJ29EYJNWG2SWDD2J72E3T,,2026-02-11T00:00:00Z,2026-03-11T00:00:00Z,2115.870000,,2115.87,false,2026-03-11T00:00:00Z,2026-04-11T00:00:00Z,2025-09-11T00:00:00Z,2025-09-11T00:00:00Z
cust_01K4VJ297R23WNVM9Q0Z0WQ1ME,subs_01K4VJ29EYJNWG2SWDD2J72E3T,,2026-01-11T00:00:00Z,2026-02-11T00:00:00Z,2416.870000,,2416.87,false,2026-03-11T00:00:00Z,2026-04-11T00:00:00Z,2025-09-11T00:00:00Z,2025-09-11T00:00:00Z
cust_01K4VJ297R23WNVM9Q0Z0WQ1ME,subs_01K4VJ298N0SQ2EQ533HDYGM0D,,2026-02-11T00:00:00Z,2026-03-11T00:00:00Z,2115.870000,,2115.87,false,2026-03-11T00:00:00Z,2026-04-11T00:00:00Z,2025-09-11T00:00:00Z,2025-09-11T00:00:00Z
cust_01K4VJ297R23WNVM9Q0Z0WQ1ME,subs_01K4VJ298N0SQ2EQ533HDYGM0D,,2026-01-11T00:00:00Z,2026-02-11T00:00:00Z,2416.870000,,2416.87,false,2026-03-11T00:00:00Z,2026-04-11T00:00:00Z,2025-09-11T00:00:00Z,2025-09-11T00:00:00Z
cust_01K4Q02WSBNR753KWAH7VJT17S,subs_01K4Q02X1DBBNEPV78ZGTQ9W2K,,2026-01-09T00:00:00Z,2026-02-09T00:00:00Z,2858.400000,,2858.40,false,2026-03-09T00:00:00Z,2026-04-09T00:00:00Z,2025-09-09T00:00:00Z,2025-09-09T00:00:00Z
cust_01K4Q02WSBNR753KWAH7VJT17S,subs_01K4Q02WT8DE591S37SB1DGXP7,,2026-01-09T00:00:00Z,2026-02-09T00:00:00Z,2858.400000,,2858.40,false,2026-03-09T00:00:00Z,2026-04-09T00:00:00Z,2025-09-09T00:00:00Z,2025-09-09T00:00:00Z
cust_01K4M76JVQX7A0AHJBNKJHDMHE,subs_01K4M76K2JKA1S40XHVPB8QXNP,,2026-02-08T00:00:00Z,2026-03-08T00:00:00Z,4381.680000,,4381.68,false,2026-03-08T00:00:00Z,2026-04-08T00:00:00Z,2025-09-08T00:00:00Z,2025-09-08T00:00:00Z
cust_01K4M76JVQX7A0AHJBNKJHDMHE,subs_01K4M76K2JKA1S40XHVPB8QXNP,,2026-01-08T00:00:00Z,2026-02-08T00:00:00Z,4589.470000,,4589.47,false,2026-03-08T00:00:00Z,2026-04-08T00:00:00Z,2025-09-08T00:00:00Z,2025-09-08T00:00:00Z
cust_01K4M76JVQX7A0AHJBNKJHDMHE,subs_01K4M76JWE1GA1E8PSY28ZSHDP,,2026-02-08T00:00:00Z,2026-03-08T00:00:00Z,4381.680000,,4381.68,false,2026-03-08T00:00:00Z,2026-04-08T00:00:00Z,2025-09-08T00:00:00Z,2025-09-08T00:00:00Z
cust_01K35DJ4R6EPRYJA6E179EWMXX,subs_01K35DJ51VA0CKNJ3C3TRJVK0P,,2025-12-21T00:00:00Z,2026-01-21T00:00:00Z,42.330000,,42.33,false,2026-02-21T00:00:00Z,2026-03-21T00:00:00Z,2025-08-21T00:00:00Z,2025-08-21T00:00:00Z
cust_01K1WNYRCFSAZNGAF29C1F7YEV,subs_01K1WNYRMA6YHPY4R6HMAFY6G4,,2026-01-05T00:00:00Z,2026-02-05T00:00:00Z,805.600000,,805.60,false,2026-03-05T00:00:00Z,2026-04-05T00:00:00Z,2025-08-05T00:00:00Z,2025-08-05T00:00:00Z
cust_01K1WNYRCFSAZNGAF29C1F7YEV,subs_01K1WNYRDH3GR2JYSTFNPQGN7S,,2026-01-05T00:00:00Z,2026-02-05T00:00:00Z,805.600000,,805.60,false,2026-03-05T00:00:00Z,2026-04-05T00:00:00Z,2025-08-05T00:00:00Z,2025-08-05T00:00:00Z
cust_01K194MAMC9145MYXNC4JH9K3G,subs_01K194MAVRDXYQVVEYEGHZYDXY,,2026-01-28T00:00:00Z,2026-02-28T00:00:00Z,0.580000,,0.58,false,2026-02-28T00:00:00Z,2026-03-28T00:00:00Z,2025-07-28T00:00:00Z,2025-07-28T00:00:00Z
cust_01K194MAMC9145MYXNC4JH9K3G,subs_01K194MAVRDXYQVVEYEGHZYDXY,,2025-12-28T00:00:00Z,2026-01-28T00:00:00Z,1396.230000,,1396.23,false,2026-02-28T00:00:00Z,2026-03-28T00:00:00Z,2025-07-28T00:00:00Z,2025-07-28T00:00:00Z
cust_01K194MAMC9145MYXNC4JH9K3G,subs_01K194MART6T0PNPEEYFWESVBG,,2026-01-28T00:00:00Z,2026-02-28T00:00:00Z,0.580000,,0.58,false,2026-02-28T00:00:00Z,2026-03-28T00:00:00Z,2025-07-28T00:00:00Z,2025-07-28T00:00:00Z
cust_01K194MAMC9145MYXNC4JH9K3G,subs_01K194MART6T0PNPEEYFWESVBG,,2025-12-28T00:00:00Z,2026-01-28T00:00:00Z,1396.230000,,1396.23,false,2026-02-28T00:00:00Z,2026-03-28T00:00:00Z,2025-07-28T00:00:00Z,2025-07-28T00:00:00Z
cust_01K18GG3WMQ4JXCQEXGZHX6WK8,subs_01K18GG44G757WMBSKGBXY5JKE,,2026-01-28T00:00:00Z,2026-02-28T00:00:00Z,1645.160000,,1645.16,false,2026-02-28T00:00:00Z,2026-03-28T00:00:00Z,2025-07-28T00:00:00Z,2025-07-28T00:00:00Z
cust_01K18GG3WMQ4JXCQEXGZHX6WK8,subs_01K18GG44G757WMBSKGBXY5JKE,,2025-12-28T00:00:00Z,2026-01-28T00:00:00Z,1636.180000,,1636.18,false,2026-02-28T00:00:00Z,2026-03-28T00:00:00Z,2025-07-28T00:00:00Z,2025-07-28T00:00:00Z
cust_01K18GG3WMQ4JXCQEXGZHX6WK8,subs_01K18GG3XK195WNYE78SGDR0PG,,2026-01-28T00:00:00Z,2026-02-28T00:00:00Z,1645.160000,,1645.16,false,2026-02-28T00:00:00Z,2026-03-28T00:00:00Z,2025-07-28T00:00:00Z,2025-07-28T00:00:00Z
cust_01K18GG3WMQ4JXCQEXGZHX6WK8,subs_01K18GG3XK195WNYE78SGDR0PG,,2025-12-28T00:00:00Z,2026-01-28T00:00:00Z,1636.180000,,1636.18,false,2026-02-28T00:00:00Z,2026-03-28T00:00:00Z,2025-07-28T00:00:00Z,2025-07-28T00:00:00Z
cust_01K17RH3XXXWZ8ESTXZR702A5W,subs_01K17RH3YVJSB0F5M714PZV0Q9,,2026-01-28T00:00:00Z,2026-02-28T00:00:00Z,16355.940000,,16355.94,false,2026-02-28T00:00:00Z,2026-03-28T00:00:00Z,2025-07-28T00:00:00Z,2025-07-28T00:00:00Z
cust_01K17RH3XXXWZ8ESTXZR702A5W,subs_01K17RH3YVJSB0F5M714PZV0Q9,,2025-12-28T00:00:00Z,2026-01-28T00:00:00Z,19561.560000,,19561.56,false,2026-02-28T00:00:00Z,2026-03-28T00:00:00Z,2025-07-28T00:00:00Z,2025-07-28T00:00:00Z
cust_01K17RH3XXXWZ8ESTXZR702A5W,subs_01K17RH44ES21KBWA0E8R6DERW,,2026-01-28T00:00:00Z,2026-02-28T00:00:00Z,16355.940000,,16355.94,false,2026-02-28T00:00:00Z,2026-03-28T00:00:00Z,2025-07-28T00:00:00Z,2025-07-28T00:00:00Z
cust_01K17RH3XXXWZ8ESTXZR702A5W,subs_01K17RH44ES21KBWA0E8R6DERW,,2025-12-28T00:00:00Z,2026-01-28T00:00:00Z,19561.560000,,19561.56,false,2026-02-28T00:00:00Z,2026-03-28T00:00:00Z,2025-07-28T00:00:00Z,2025-07-28T00:00:00Z
cust_01JRSZP3M8S9T6S92ATK40HD0D,subs_01JYA8DHEQ83CNM7D2F30VDYEE,,2026-01-30T18:30:00Z,2026-02-28T18:30:00Z,198.490000,,198.49,false,2026-02-28T18:30:00Z,2026-03-30T18:30:00Z,2025-03-30T18:30:00Z,2025-03-30T18:30:00Z
cust_01JRSZP3M8S9T6S92ATK40HD0D,subs_01JYA8DHEQ83CNM7D2F30VDYEE,,2025-12-30T18:30:00Z,2026-01-30T18:30:00Z,534.800000,,534.80,false,2026-02-28T18:30:00Z,2026-03-30T18:30:00Z,2025-03-30T18:30:00Z,2025-03-30T18:30:00Z
cust_01JSCQFPB0QC4A9B6P3XT32AX6,subs_01JXETMRZ0GC0Y55YQ6PGKDY5S,,2026-02-11T06:22:27Z,2026-03-11T06:22:27Z,37.240000,,37.24,false,2026-03-11T06:22:27Z,2026-04-11T06:22:27Z,2025-06-11T06:22:27Z,2025-06-11T06:22:27Z
cust_01JSCQFPB0QC4A9B6P3XT32AX6,subs_01JXETMRZ0GC0Y55YQ6PGKDY5S,,2026-01-11T06:22:27Z,2026-02-11T06:22:27Z,0.030000,,0.03,false,2026-03-11T06:22:27Z,2026-04-11T06:22:27Z,2025-06-11T06:22:27Z,2025-06-11T06:22:27Z
cust_01JSCQFP0N8XMZZ0N79ZWTBXHC,subs_01JXETMS3NKH55B5ZNDECPNR4V,,2026-02-11T06:22:27Z,2026-03-11T06:22:27Z,6.110000,,6.11,false,2026-03-11T06:22:27Z,2026-04-11T06:22:27Z,2025-06-11T06:22:27Z,2025-06-11T06:22:27Z
cust_01JSCQFP0N8XMZZ0N79ZWTBXHC,subs_01JXETMS3NKH55B5ZNDECPNR4V,,2026-01-11T06:22:27Z,2026-02-11T06:22:27Z,1.990000,,1.99,false,2026-03-11T06:22:27Z,2026-04-11T06:22:27Z,2025-06-11T06:22:27Z,2025-06-11T06:22:27Z
cust_01JSCQFP0N8XMZZ0N79ZWTBXHC,subs_01JXETMS8YJWZM18PM3WKM6FWC,,2026-02-11T06:22:27Z,2026-03-11T06:22:27Z,6.110000,,6.11,false,2026-03-11T06:22:27Z,2026-04-11T06:22:27Z,2025-06-11T06:22:27Z,2025-06-11T06:22:27Z
cust_01JSCQFP0N8XMZZ0N79ZWTBXHC,subs_01JXETMS8YJWZM18PM3WKM6FWC,,2026-01-11T06:22:27Z,2026-02-11T06:22:27Z,1.990000,,1.99,false,2026-03-11T06:22:27Z,2026-04-11T06:22:27Z,2025-06-11T06:22:27Z,2025-06-11T06:22:27Z
cust_01JSCQFPZCDKKW8HBC1K602M0V,subs_01JXETMRN1543HX0EZZ6NWFSEB,,2026-02-11T06:22:27Z,2026-03-11T06:22:27Z,3406.770000,,3406.77,false,2026-03-11T06:22:27Z,2026-04-11T06:22:27Z,2025-06-11T06:22:27Z,2025-06-11T06:22:27Z
cust_01JSCQFPZCDKKW8HBC1K602M0V,subs_01JXETMRN1543HX0EZZ6NWFSEB,,2026-01-11T06:22:27Z,2026-02-11T06:22:27Z,3281.550000,,3281.55,false,2026-03-11T06:22:27Z,2026-04-11T06:22:27Z,2025-06-11T06:22:27Z,2025-06-11T06:22:27Z
cust_01JSCQFQXN8542YS15YV6D4P0B,subs_01JXETMR6938EX4KFBP06M8317,,2026-02-11T06:22:27Z,2026-03-11T06:22:27Z,13.400000,,13.40,false,2026-03-11T06:22:27Z,2026-04-11T06:22:27Z,2025-06-11T06:22:27Z,2025-06-11T06:22:27Z
cust_01JSCQFQXN8542YS15YV6D4P0B,subs_01JXETMR6938EX4KFBP06M8317,,2026-01-11T06:22:27Z,2026-02-11T06:22:27Z,69.880000,,69.88,false,2026-03-11T06:22:27Z,2026-04-11T06:22:27Z,2025-06-11T06:22:27Z,2025-06-11T06:22:27Z
cust_01JSCQFZ20ZWK0NZE764FWC1YT,subs_01JXETMJTMY1P5RZFWJEDVB7TE,,2026-02-11T06:22:27Z,2026-03-11T06:22:27Z,1002.450000,,1002.45,false,2026-03-11T06:22:27Z,2026-04-11T06:22:27Z,2025-06-11T06:22:27Z,2025-06-11T06:22:27Z
cust_01JSCQG19MQ1Q4N1XWV2VGKAVN,subs_01JXETMGJKZGWS9WV9GT22MZ4V,,2026-01-11T06:22:27Z,2026-02-11T06:22:27Z,1136.530000,,1136.53,false,2026-03-11T06:22:27Z,2026-04-11T06:22:27Z,2025-06-11T06:22:27Z,2025-06-11T06:22:27Z
cust_01JSCQG282HQYB45H96H7T0CSS,subs_01JXETMFKWKVK65HZ9TQCRZP9A,,2026-02-11T06:22:27Z,2026-03-11T06:22:27Z,0.130000,,0.13,false,2026-03-11T06:22:27Z,2026-04-11T06:22:27Z,2025-06-11T06:22:27Z,2025-06-11T06:22:27Z
cust_01JSCQG282HQYB45H96H7T0CSS,subs_01JXETMFKWKVK65HZ9TQCRZP9A,,2026-01-11T06:22:27Z,2026-02-11T06:22:27Z,0.210000,,0.21,false,2026-03-11T06:22:27Z,2026-04-11T06:22:27Z,2025-06-11T06:22:27Z,2025-06-11T06:22:27Z
cust_01JSCQG282HQYB45H96H7T0CSS,subs_01JXETMFF3XRTXSXXMBYP0QHWT,,2026-02-11T06:22:27Z,2026-03-11T06:22:27Z,0.130000,,0.13,false,2026-03-11T06:22:27Z,2026-04-11T06:22:27Z,2025-06-11T06:22:27Z,2025-06-11T06:22:27Z
cust_01JSCQG282HQYB45H96H7T0CSS,subs_01JXETMFF3XRTXSXXMBYP0QHWT,,2026-01-11T06:22:27Z,2026-02-11T06:22:27Z,0.210000,,0.21,false,2026-03-11T06:22:27Z,2026-04-11T06:22:27Z,2025-06-11T06:22:27Z,2025-06-11T06:22:27Z
cust_01JSCQG83JB290MNCQ5PVGR827,subs_01JXETM9YDAK9KFJT4EN4E4Y46,,2026-02-11T06:22:27Z,2026-03-11T06:22:27Z,9.690000,,9.69,false,2026-03-11T06:22:27Z,2026-04-11T06:22:27Z,2025-06-11T06:22:27Z,2025-06-11T06:22:27Z
cust_01JSCQGB29SJT7TXTW5G3P60NJ,subs_01JXETM75ZS0RNNMW0AWN1TZZF,,2026-02-11T06:22:27Z,2026-03-11T06:22:27Z,19050.930000,,19050.93,false,2026-03-11T06:22:27Z,2026-04-11T06:22:27Z,2025-06-11T06:22:27Z,2025-06-11T06:22:27Z
cust_01JSCQGB29SJT7TXTW5G3P60NJ,subs_01JXETM75ZS0RNNMW0AWN1TZZF,,2026-01-11T06:22:27Z,2026-02-11T06:22:27Z,16223.510000,,16223.51,false,2026-03-11T06:22:27Z,2026-04-11T06:22:27Z,2025-06-11T06:22:27Z,2025-06-11T06:22:27Z
cust_01JSCQHMGXGHZTNY9TB630ZBQM,subs_01JXETJZWPHJXW9ARK5WJAGPRR,,2026-02-11T06:22:27Z,2026-03-11T06:22:27Z,180.620000,,180.62,false,2026-03-11T06:22:27Z,2026-04-11T06:22:27Z,2025-06-11T06:22:27Z,2025-06-11T06:22:27Z
cust_01JSCQHMGXGHZTNY9TB630ZBQM,subs_01JXETJZWPHJXW9ARK5WJAGPRR,,2026-01-11T06:22:27Z,2026-02-11T06:22:27Z,669.050000,,669.05,false,2026-03-11T06:22:27Z,2026-04-11T06:22:27Z,2025-06-11T06:22:27Z,2025-06-11T06:22:27Z
cust_01JSCQKQ9Q5N93ZNHRYAE6Z6H0,subs_01JXETGXV1DC1M3J062BN1QEHC,,2026-02-11T06:22:27Z,2026-03-11T06:22:27Z,2.090000,,2.09,false,2026-03-11T06:22:27Z,2026-04-11T06:22:27Z,2025-06-11T06:22:27Z,2025-06-11T06:22:27Z
cust_01JSCQKQ9Q5N93ZNHRYAE6Z6H0,subs_01JXETGXV1DC1M3J062BN1QEHC,,2026-01-11T06:22:27Z,2026-02-11T06:22:27Z,0.140000,,0.14,false,2026-03-11T06:22:27Z,2026-04-11T06:22:27Z,2025-06-11T06:22:27Z,2025-06-11T06:22:27Z
cust_01JSCQKQ9Q5N93ZNHRYAE6Z6H0,subs_01JXETGXNR16WXQA7KHRYS8QR0,,2026-01-11T06:22:27Z,2026-02-11T06:22:27Z,0.140000,,0.14,false,2026-03-11T06:22:27Z,2026-04-11T06:22:27Z,2025-06-11T06:22:27Z,2025-06-11T06:22:27Z
cust_01JSCQKYRN1B1FZJJM58K3JTNQ,subs_01JXETGPYBZ89NJAJYPAYV9H7J,,2026-02-11T06:22:27Z,2026-03-11T06:22:27Z,4566.290000,,4566.29,false,2026-03-11T06:22:27Z,2026-04-11T06:22:27Z,2025-06-11T06:22:27Z,2025-06-11T06:22:27Z
cust_01JSCQKYRN1B1FZJJM58K3JTNQ,subs_01JXETGPYBZ89NJAJYPAYV9H7J,,2026-01-11T06:22:27Z,2026-02-11T06:22:27Z,3473.950000,,3473.95,false,2026-03-11T06:22:27Z,2026-04-11T06:22:27Z,2025-06-11T06:22:27Z,2025-06-11T06:22:27Z
cust_01JSCQKYRN1B1FZJJM58K3JTNQ,subs_01JXETGPSC4FX7K044DV0S9J8A,,2026-02-11T06:22:27Z,2026-03-11T06:22:27Z,4566.290000,,4566.29,false,2026-03-11T06:22:27Z,2026-04-11T06:22:27Z,2025-06-11T06:22:27Z,2025-06-11T06:22:27Z
cust_01JSCQKYRN1B1FZJJM58K3JTNQ,subs_01JXETGPSC4FX7K044DV0S9J8A,,2026-01-11T06:22:27Z,2026-02-11T06:22:27Z,3473.950000,,3473.95,false,2026-03-11T06:22:27Z,2026-04-11T06:22:27Z,2025-06-11T06:22:27Z,2025-06-11T06:22:27Z
cust_01JVC7ERVFPF49K5GWWC7NWPQG,subs_01JXETF9AP735E89AYYJT9S41F,,2026-02-11T06:22:27Z,2026-03-11T06:22:27Z,0.030000,,0.03,false,2026-03-11T06:22:27Z,2026-04-11T06:22:27Z,2025-06-11T06:22:27Z,2025-06-11T06:22:27Z
cust_01JVC7ERVFPF49K5GWWC7NWPQG,subs_01JXETF9AP735E89AYYJT9S41F,,2026-01-11T06:22:27Z,2026-02-11T06:22:27Z,8.850000,,8.85,false,2026-03-11T06:22:27Z,2026-04-11T06:22:27Z,2025-06-11T06:22:27Z,2025-06-11T06:22:27Z
cust_01JVC7ERVFPF49K5GWWC7NWPQG,subs_01JXETF95WW735WTV6RSN837CX,,2026-02-11T06:22:27Z,2026-03-11T06:22:27Z,0.030000,,0.03,false,2026-03-11T06:22:27Z,2026-04-11T06:22:27Z,2025-06-11T06:22:27Z,2025-06-11T06:22:27Z
cust_01JW90G2KGM3NKMM6JW7ABY637,subs_01JXETF49ENH6X2AP1DT7B9B7K,,2026-02-11T06:22:27Z,2026-03-11T06:22:27Z,0.040000,,0.04,false,2026-03-11T06:22:27Z,2026-04-11T06:22:27Z,2025-06-11T06:22:27Z,2025-06-11T06:22:27Z
cust_01JW90G2KGM3NKMM6JW7ABY637,subs_01JXETF4EJD8BGJXESTMEFEGW2,,2026-02-11T06:22:27Z,2026-03-11T06:22:27Z,0.040000,,0.04,false,2026-03-11T06:22:27Z,2026-04-11T06:22:27Z,2025-06-11T06:22:27Z,2025-06-11T06:22:27Z
cust_01JW90G2KGM3NKMM6JW7ABY637,subs_01JXETF4EJD8BGJXESTMEFEGW2,,2026-01-11T06:22:27Z,2026-02-11T06:22:27Z,67.770000,,67.77,false,2026-03-11T06:22:27Z,2026-04-11T06:22:27Z,2025-06-11T06:22:27Z,2025-06-11T06:22:27Z
cust_01JSCQMHR985NT2HPHX44PVCF1,subs_01JXB4TRK5W6RDNVPPN7PE9YQQ,,2026-02-09T20:06:35Z,2026-03-09T20:06:35Z,1017.870000,,1017.87,false,2026-03-09T20:06:35Z,2026-04-09T20:06:35Z,2025-06-09T20:06:35Z,2025-06-09T20:06:35Z
cust_01JSCQMHR985NT2HPHX44PVCF1,subs_01JXB4TRK5W6RDNVPPN7PE9YQQ,,2026-01-09T20:06:35Z,2026-02-09T20:06:35Z,1301.150000,,1301.15,false,2026-03-09T20:06:35Z,2026-04-09T20:06:35Z,2025-06-09T20:06:35Z,2025-06-09T20:06:35Z
cust_01JSCQM13KYM7WG9K0GS984NH3,subs_01JXB4VHY8DHBVW3JGVB6FQW9N,,2026-02-09T20:07:01Z,2026-03-09T20:07:01Z,1320.430000,,1320.43,false,2026-03-09T20:07:01Z,2026-04-09T20:07:01Z,2025-06-09T20:07:01Z,2025-06-09T20:07:01Z
cust_01JSCQM13KYM7WG9K0GS984NH3,subs_01JXB4VHY8DHBVW3JGVB6FQW9N,,2026-01-09T20:07:01Z,2026-02-09T20:07:01Z,1927.980000,,1927.98,false,2026-03-09T20:07:01Z,2026-04-09T20:07:01Z,2025-06-09T20:07:01Z,2025-06-09T20:07:01Z
cust_01JVC7ERVFPF49K5GWWC7NWPQG,subs_01JVC8PBE18R7FS3D9ZYA35GES,,2026-01-16T09:59:58Z,2026-02-16T09:59:58Z,8.850000,,8.85,false,2026-03-16T09:59:58Z,2026-04-16T09:59:58Z,2025-05-16T09:59:58Z,2025-05-16T09:59:58Z
cust_01JSCQMQWEC9S1P371HP078757,subs_01JSCQMQZGJ2EYDXBTD8WMZD08,,2025-12-21T00:00:00Z,2026-01-21T00:00:00Z,22.150000,,22.15,false,2026-02-21T00:00:00Z,2026-03-21T00:00:00Z,2025-04-21T00:00:00Z,2025-04-21T00:00:00Z
cust_01JSCQM13KYM7WG9K0GS984NH3,subs_01JSCQM16JTMW0ZJ5JFF2Q75TZ,,2026-01-21T00:00:00Z,2026-02-21T00:00:00Z,1719.150000,,1719.15,false,2026-02-21T00:00:00Z,2026-03-21T00:00:00Z,2025-04-21T00:00:00Z,2025-04-21T00:00:00Z
cust_01JSCQM13KYM7WG9K0GS984NH3,subs_01JSCQM16JTMW0ZJ5JFF2Q75TZ,,2025-12-21T00:00:00Z,2026-01-21T00:00:00Z,2389.650000,,2389.65,false,2026-02-21T00:00:00Z,2026-03-21T00:00:00Z,2025-04-21T00:00:00Z,2025-04-21T00:00:00Z
cust_01JSCQHMGXGHZTNY9TB630ZBQM,subs_01JSCQHMM8YKZ6TK049XH9X196,,2026-01-21T00:00:00Z,2026-02-21T00:00:00Z,403.280000,,403.28,false,2026-02-21T00:00:00Z,2026-03-21T00:00:00Z,2025-04-21T00:00:00Z,2025-04-21T00:00:00Z
cust_01JSCQHMGXGHZTNY9TB630ZBQM,subs_01JSCQHMM8YKZ6TK049XH9X196,,2025-12-21T00:00:00Z,2026-01-21T00:00:00Z,1114.630000,,1114.63,false,2026-02-21T00:00:00Z,2026-03-21T00:00:00Z,2025-04-21T00:00:00Z,2025-04-21T00:00:00Z
cust_01JSCQG19MQ1Q4N1XWV2VGKAVN,subs_01JSCQG1D0CRFD1Z03B70YGQQB,,2026-01-21T00:00:00Z,2026-02-21T00:00:00Z,600.270000,,600.27,false,2026-02-21T00:00:00Z,2026-03-21T00:00:00Z,2025-04-21T00:00:00Z,2025-04-21T00:00:00Z
cust_01JSCQG19MQ1Q4N1XWV2VGKAVN,subs_01JSCQG1D0CRFD1Z03B70YGQQB,,2025-12-21T00:00:00Z,2026-01-21T00:00:00Z,536.270000,,536.27,false,2026-02-21T00:00:00Z,2026-03-21T00:00:00Z,2025-04-21T00:00:00Z,2025-04-21T00:00:00Z
cust_01JSCQFZ20ZWK0NZE764FWC1YT,subs_01JSCQFZ5473XBMGZFNHKHFT4F,,2026-01-21T00:00:00Z,2026-02-21T00:00:00Z,344.930000,,344.93,false,2026-02-21T00:00:00Z,2026-03-21T00:00:00Z,2025-04-21T00:00:00Z,2025-04-21T00:00:00Z
