subscription_id,customer_id,plan_id,billing_period,period_start,period_end,subscription_start,subscription_end,invoice_id
subs_01KG4QGVF96MJMQRFMDAX3CAXF,cust_01KFB88RMC2AXWGB52PYM09RFC0,plan_01KG4EKKNG0NMDQBAJW05ENGE4,MONTHLY,2026-03-01,2026-03-30,2025-11-07,2026-11-07,inv_01KMZXX30P7NA4RB3DVM42T9RA
subs_01KG4S59RV64KB56ZC23GH2FZG,cust_01KFB8ZEPPT7HE8RXDR90CV14Y0,plan_01KG4EKKNG0NMDQBAJW05ENGE4,MONTHLY,2026-03-01,2026-03-30,2026-02-28,2027-02-28,inv_01KMZXWXYSDCX5P7NAKBVZM026
subs_01KG4S5C8XPEEVFDBB4CGA92HB,cust_01KFB8JG4SCTJRB4KY9T9TKMPF0,plan_01KG4EKKNG0NMDQBAJW05ENGE4,MONTHLY,2026-03-01,2026-03-30,2026-01-01,2027-01-01,inv_01KMZXWYR3VM1W0B6ZZZ7C7J1R
subs_01KG4SAMK6N58C5SV6REH2QV77,cust_01KF9J21DRQKJTNEFX8AQTPHV70,plan_01KG4EKKNG0NMDQBAJW05ENGE4,MONTHLY,2026-03-01,2026-03-30,2025-08-07,2026-08-07,inv_01KMZXWZFXMA6QSHXHPAF43JBF
subs_01KG4SC1T2K1N5ESDWS2J2NXKJ,cust_01KF9M17XSGW6YJZNBY8KWY5QW0,plan_01KG4EKKNG0NMDQBAJW05ENGE4,MONTHLY,2026-03-01,2026-03-30,2025-11-13,2026-11-13,inv_01KMZXYX7K3CJMF3H0KAQ1R10V
subs_01KG4TFTG8Y5F8WNJEVRTT4T49,cust_01KFB89JEFYM6VV5HHPK1B79N50,plan_01KG4EKKNG0NMDQBAJW05ENGE4,MONTHLY,2026-03-16,2026-03-30,2026-03-16,2027-03-16,inv_01KMZXZG7P3MBMM8FWMH171N24
subs_01KG4TG7DKXMENW04X5Z7FMCG1,cust_01KFB8NHG99KVEN100YYM85VCG0,plan_01KG4EKKNG0NMDQBAJW05ENGE4,MONTHLY,2025-08-01,2025-09-01,2025-07-11,2027-01-11,
subs_01KG4TG7DKXMENW04X5Z7FMCG1,cust_01KFB8NHG99KVEN100YYM85VCG0,plan_01KG4EKKNG0NMDQBAJW05ENGE4,MONTHLY,2025-09-01,2025-10-01,2025-07-11,2027-01-11,
subs_01KG4TG7DKXMENW04X5Z7FMCG1,cust_01KFB8NHG99KVEN100YYM85VCG0,plan_01KG4EKKNG0NMDQBAJW05ENGE4,MONTHLY,2025-10-01,2025-11-01,2025-07-11,2027-01-11,
subs_01KG4TG7DKXMENW04X5Z7FMCG1,cust_01KFB8NHG99KVEN100YYM85VCG0,plan_01KG4EKKNG0NMDQBAJW05ENGE4,MONTHLY,2025-11-01,2025-12-01,2025-07-11,2027-01-11,
subs_01KG4TG7DKXMENW04X5Z7FMCG1,cust_01KFB8NHG99KVEN100YYM85VCG0,plan_01KG4EKKNG0NMDQBAJW05ENGE4,MONTHLY,2025-12-01,2026-01-01,2025-07-11,2027-01-11,
subs_01KG4TG7DKXMENW04X5Z7FMCG1,cust_01KFB8NHG99KVEN100YYM85VCG0,plan_01KG4EKKNG0NMDQBAJW05ENGE4,MONTHLY,2026-01-01,2026-02-01,2025-07-11,2027-01-11,inv_01KMZY44DW7EWA295AGEV7A4VK
subs_01KG4TG7DKXMENW04X5Z7FMCG1,cust_01KFB8NHG99KVEN100YYM85VCG0,plan_01KG4EKKNG0NMDQBAJW05ENGE4,MONTHLY,2026-02-01,2026-03-01,2025-07-11,2027-01-11,inv_01KMZY5QWNN24VYPAYE9CDW4C3
subs_01KG4TG7DKXMENW04X5Z7FMCG1,cust_01KFB8NHG99KVEN100YYM85VCG0,plan_01KG4EKKNG0NMDQBAJW05ENGE4,MONTHLY,2026-03-01,2026-03-30,2025-07-11,2027-01-11,inv_01KMZY7GT1XHD2DSBRJFQ4QH17
subs_01KG4TGD0WCZNYTZD9H5B8BZ3G,cust_01KFBFWVGQ0V6813V016GGH43V0,plan_01KG4EKKNG0NMDQBAJW05ENGE4,MONTHLY,2026-03-01,2026-03-30,2025-10-29,2026-10-29,inv_01KMZY0934BXSYFW85THA74XVT
subs_01KG4TGPTF5K4JFAB0X3E8ASAM,cust_01KFB8DPTWVPM2XQSTSZYSMQA50,plan_01KG4EKKNG0NMDQBAJW05ENGE4,MONTHLY,2026-03-01,2026-03-30,2025-09-26,2026-09-26,inv_01KMZY12Y222PE7P3742Z5CSWM
subs_01KG4TGXEG16N46ZBVWBVAWA61,cust_01KFB8EMSYGXPTAEAGRP0BJ58J0,plan_01KG4EKKNG0NMDQBAJW05ENGE4,MONTHLY,2026-03-01,2026-03-30,2025-12-17,2026-12-17,inv_01KMZY1VWVBG2DX17H8TEMS2SV
subs_01KG4TH3WB5SC4QS3QJ50YG33F,cust_01KFB8ERXHATWFMK0VJ18245EF0,plan_01KG4EKKNG0NMDQBAJW05ENGE4,MONTHLY,2026-03-01,2026-03-30,2026-02-05,2027-02-05,inv_01KMZY24BH26MC5TFB5ERT6MCQ
subs_01KG4TH5DA7YJ498EJZNF9CNP1,cust_01KFB8B5JQB98NMCSWBZPXZ9JM0,plan_01KG4EKKNG0NMDQBAJW05ENGE4,MONTHLY,2025-10-01,2025-11-01,2025-09-08,2026-09-08,
subs_01KG4TH5DA7YJ498EJZNF9CNP1,cust_01KFB8B5JQB98NMCSWBZPXZ9JM0,plan_01KG4EKKNG0NMDQBAJW05ENGE4,MONTHLY,2025-11-01,2025-12-01,2025-09-08,2026-09-08,
subs_01KG4TH5DA7YJ498EJZNF9CNP1,cust_01KFB8B5JQB98NMCSWBZPXZ9JM0,plan_01KG4EKKNG0NMDQBAJW05ENGE4,MONTHLY,2025-12-01,2026-01-01,2025-09-08,2026-09-08,
subs_01KG4TH5DA7YJ498EJZNF9CNP1,cust_01KFB8B5JQB98NMCSWBZPXZ9JM0,plan_01KG4EKKNG0NMDQBAJW05ENGE4,MONTHLY,2026-01-01,2026-02-01,2025-09-08,2026-09-08,inv_01KMZY5RV4ZYR5HNX4CB4CWH31
subs_01KG4TH5DA7YJ498EJZNF9CNP1,cust_01KFB8B5JQB98NMCSWBZPXZ9JM0,plan_01KG4EKKNG0NMDQBAJW05ENGE4,MONTHLY,2026-02-01,2026-03-01,2025-09-08,2026-09-08,inv_01KMZY77P6PD7EX87XQYV28RST
subs_01KG4TH5DA7YJ498EJZNF9CNP1,cust_01KFB8B5JQB98NMCSWBZPXZ9JM0,plan_01KG4EKKNG0NMDQBAJW05ENGE4,MONTHLY,2026-03-01,2026-03-30,2025-09-08,2026-09-08,inv_01KMZY8N5ABG2VKT3SZKVM4NP9
subs_01KG4THB4PNXSVPSMXY9EKSNZP,cust_01KFBHEB0JHY5ARCVJW3PP37HT0,plan_01KG4EKKNG0NMDQBAJW05ENGE4,MONTHLY,2026-03-01,2026-03-30,2026-02-20,2027-02-20,inv_01KMZY3CMG3DDRTZFGPZWAATTJ
subs_01KG4THBRXSBJBBKEKHXDCX7K6,cust_01KFB8E73PY9ZAGSEHRYAK8YT10,plan_01KG4EKKNG0NMDQBAJW05ENGE4,MONTHLY,2026-03-01,2026-03-30,2025-09-30,2026-09-30,inv_01KMZY4K4J92ZB9JJ25BMKV7WG
subs_01KG4THQ09VST66GTPAY2MM09P,cust_01KFB87WPFQMSZVA0PFE71XCX90,plan_01KG4EKKNG0NMDQBAJW05ENGE4,MONTHLY,2026-03-01,2026-03-30,2025-11-20,2026-11-20,inv_01KMZY5TPZ7QG9XXRCZAH60JFF
subs_01KG4TJG9Z1B7FECDB2GSP751Y,cust_01KFB88YMPA498VE1TZ6WJ51QV0,plan_01KG4EKKNG0NMDQBAJW05ENGE4,MONTHLY,2026-03-01,2026-03-30,2025-09-01,2026-09-01,inv_01KMZY6AZZM8P16NZMK1324AR6
subs_01KG4TJJRG4KXH34Z195AWBYXG,cust_01KFB89WXCXX2TT2PJHGHJMY600,plan_01KG4EKKNG0NMDQBAJW05ENGE4,MONTHLY,2026-03-01,2026-03-30,2025-08-29,2026-08-29,inv_01KMZY811XFAATJ3H1EMM28V1F
subs_01KG4TK2QKP4X1TZRDJEMYPT7H,cust_01KFB8BD6AQGJFAR5YY5V3TDWC0,plan_01KG4EKKNG0NMDQBAJW05ENGE4,MONTHLY,2026-03-01,2026-03-30,2025-11-07,2026-11-07,inv_01KMZY8D640449HB8YPVQVE1B4
subs_01KG4TK32QGW5DQ3SZX6FTY89Y,cust_01KFBNR7TKKMW0Q45D6443NG550,plan_01KG4EKKNG0NMDQBAJW05ENGE4,MONTHLY,2026-01-01,2026-02-01,2025-12-22,2026-12-22,inv_01KMZY8SB3F8WCFJ82ZXQMRQX8
subs_01KG4TK32QGW5DQ3SZX6FTY89Y,cust_01KFBNR7TKKMW0Q45D6443NG550,plan_01KG4EKKNG0NMDQBAJW05ENGE4,MONTHLY,2026-02-01,2026-03-01,2025-12-22,2026-12-22,inv_01KMZYAC5HGKZH3QXJP32VTKE8
subs_01KG4TK32QGW5DQ3SZX6FTY89Y,cust_01KFBNR7TKKMW0Q45D6443NG550,plan_01KG4EKKNG0NMDQBAJW05ENGE4,MONTHLY,2026-03-01,2026-03-30,2025-12-22,2026-12-22,inv_01KMZYC7ATK48MB87A16XC3074
subs_01KG4TK734PZ0T3Q3DRM5XE61P,cust_01KFB8CFBANKV79TQ2NWGN5ABG0,plan_01KG4EKKNG0NMDQBAJW05ENGE4,MONTHLY,2026-03-01,2026-03-30,2025-10-28,2026-10-28,inv_01KMZY9TFZSMMWP9HBJ8DCEEPG
subs_01KG4TKE1MQ7R78XMWTRC4K46D,cust_01KFBNPV0EFKDXG08ERH4D7FR00,plan_01KG4EKKNG0NMDQBAJW05ENGE4,MONTHLY,2026-03-01,2026-03-30,2025-12-01,2026-12-01,inv_01KMZYAA8G60X72ZBQF8F6RJDM
subs_01KG4TKQEDM8XRHZ815X03Q3ZT,cust_01KFB89EV99Z834X4EKZ03ERCF0,plan_01KG4EKKNG0NMDQBAJW05ENGE4,MONTHLY,2025-12-01,2026-01-01,2025-11-27,2026-11-27,
subs_01KG4TKQEDM8XRHZ815X03Q3ZT,cust_01KFB89EV99Z834X4EKZ03ERCF0,plan_01KG4EKKNG0NMDQBAJW05ENGE4,MONTHLY,2026-01-01,2026-02-01,2025-11-27,2026-11-27,inv_01KMZYC6VD890WN840MYT6TRSX
subs_01KG4TKQEDM8XRHZ815X03Q3ZT,cust_01KFB89EV99Z834X4EKZ03ERCF0,plan_01KG4EKKNG0NMDQBAJW05ENGE4,MONTHLY,2026-02-01,2026-03-01,2025-11-27,2026-11-27,inv_01KMZYE53SMJDTKH2DBEHJJQX4
subs_01KG4TKQEDM8XRHZ815X03Q3ZT,cust_01KFB89EV99Z834X4EKZ03ERCF0,plan_01KG4EKKNG0NMDQBAJW05ENGE4,MONTHLY,2026-03-01,2026-03-30,2025-11-27,2026-11-27,inv_01KMZYG5KDYH4W3PBWYT3MX36K
subs_01KG4TMCMZXKXP54YQ062SANGG,cust_01KFB8C79G8EAK7Z2SV468F7BV0,plan_01KG4EKKNG0NMDQBAJW05ENGE4,MONTHLY,2026-03-01,2026-03-30,2025-05-09,2026-05-09,inv_01KMZYBWNTASRH1AKAC4T9M4QC
subs_01KG4TN4P4DXB7HXSTKX7ZQ70D,cust_01KFB8BC13KKBEAP0FTY40AQTP0,plan_01KG4EKKNG0NMDQBAJW05ENGE4,MONTHLY,2026-03-01,2026-03-30,2025-12-31,2026-12-31,inv_01KMZYC6AG780J2GX16ATB61T3
subs_01KG4TN5QHF1RQFH34DWCNCYWF,cust_01KFB8AZV7N264ZY19FCXR7JAF0,plan_01KG4EKKNG0NMDQBAJW05ENGE4,MONTHLY,2026-03-01,2026-03-30,2025-05-27,2026-05-27,inv_01KMZYE4NZYM0P3CM68QP5YQTM
subs_01KG4TN6PB09YNXMRTPTQKHX6K,cust_01KFB881XZYRR5CF5ZS7RFR68Z0,plan_01KG4EKKNG0NMDQBAJW05ENGE4,MONTHLY,2026-03-01,2026-03-30,2025-07-31,2026-07-31,inv_01KMZYGCQAKC0R5KP1P8W9PMRX
subs_01KG4TNK45PVR6837P7WPSZMTN,cust_01KFB89PPB4RDCQ2YTPBXGNEZV0,plan_01KG4EKKNG0NMDQBAJW05ENGE4,MONTHLY,2026-03-01,2026-03-30,2026-02-26,2027-02-26,inv_01KMZYGG85HCFJGRX0WG4PCAR3
subs_01KG4TNWGNSDGP5EH5655E9DS5,cust_01KFCCRM9YM8HWJVEG6ZSC1H080,plan_01KG4EKKNG0NMDQBAJW05ENGE4,MONTHLY,2026-03-01,2026-03-30,2025-07-25,2026-07-25,inv_01KMZYH2PY3MJJY1HRFMEBA6CC
subs_01KG4TNY1SV3W6A46X1FEPWF8V,cust_01KFB896D9DNE06CA6F04C6HEP0,plan_01KG4EKKNG0NMDQBAJW05ENGE4,MONTHLY,2026-03-01,2026-03-30,2025-11-07,2026-11-07,inv_01KMZYHVFHSGBZP6TADNQR606J
subs_01KG4TPD6A2JNYZFYX95BS08W0,cust_01KFBNR3DS8BS7DBRHNGTB19XJ0,plan_01KG4EKKNG0NMDQBAJW05ENGE4,MONTHLY,2025-11-01,2025-12-01,2025-10-31,2027-02-16,
subs_01KG4TPD6A2JNYZFYX95BS08W0,cust_01KFBNR3DS8BS7DBRHNGTB19XJ0,plan_01KG4EKKNG0NMDQBAJW05ENGE4,MONTHLY,2025-12-01,2026-01-01,2025-10-31,2027-02-16,
subs_01KG4TPD6A2JNYZFYX95BS08W0,cust_01KFBNR3DS8BS7DBRHNGTB19XJ0,plan_01KG4EKKNG0NMDQBAJW05ENGE4,MONTHLY,2026-01-01,2026-02-01,2025-10-31,2027-02-16,inv_01KMZYKQBZB8XN06SZ4HEFSK2K
subs_01KG4TPD6A2JNYZFYX95BS08W0,cust_01KFBNR3DS8BS7DBRHNGTB19XJ0,plan_01KG4EKKNG0NMDQBAJW05ENGE4,MONTHLY,2026-02-01,2026-03-01,2025-10-31,2027-02-16,inv_01KMZYNSC280A5EMXY66SZ3Y04
subs_01KG4TPD6A2JNYZFYX95BS08W0,cust_01KFBNR3DS8BS7DBRHNGTB19XJ0,plan_01KG4EKKNG0NMDQBAJW05ENGE4,MONTHLY,2026-03-01,2026-03-30,2025-10-31,2027-02-16,inv_01KMZYRST295MA2W9DKKFZ83G6
subs_01KG4TPRX8WNRQVPWVSPV4BAX5,cust_01KFB88PEZFMYKBZZ5QSE421NE0,plan_01KG4EKKNG0NMDQBAJW05ENGE4,MONTHLY,2026-03-01,2026-03-30,2025-08-08,2026-08-08,inv_01KMZYJYQW9JJ16D38JAGM8M83
subs_01KG4TRXR6NW24WM0Z68T8HWH9,cust_01KFB8PVNRZDWXAM9A31H25GR10,plan_01KG4EKKNG0NMDQBAJW05ENGE4,MONTHLY,2026-03-01,2026-03-30,2025-11-24,2026-11-24,inv_01KMZYKJDVPATWTWZWZRAF2880
subs_01KG4TW2MBVZGNTK3ZXSKE909D,cust_01KFDBHQ5HVYEXGK2NETSTEK3C0,plan_01KG4EKKNG0NMDQBAJW05ENGE4,MONTHLY,2026-03-01,2026-03-30,2026-02-13,2027-02-13,inv_01KMZYMNWQ01V71VBYPJJBKZPN
subs_01KG4TXC5GBG284BTDYNEA1JKS,cust_01KFBGMZF3RTHAG4EJFM2DYFKE0,plan_01KG4EKKNG0NMDQBAJW05ENGE4,MONTHLY,2026-03-01,2026-03-30,2026-01-30,2027-01-30,inv_01KMZYN5VTNNXW504HWNDBT0G5
subs_01KG4V7MCD2SX2378ZC458G9DY,cust_01KFDFAKT31VR9RJES2KCVQP840,plan_01KG4EKKNG0NMDQBAJW05ENGE4,MONTHLY,2025-11-01,2025-12-01,2025-11-01,,
subs_01KG4V7MCD2SX2378ZC458G9DY,cust_01KFDFAKT31VR9RJES2KCVQP840,plan_01KG4EKKNG0NMDQBAJW05ENGE4,MONTHLY,2025-12-01,2026-01-01,2025-11-01,,
subs_01KG4V7MCD2SX2378ZC458G9DY,cust_01KFDFAKT31VR9RJES2KCVQP840,plan_01KG4EKKNG0NMDQBAJW05ENGE4,MONTHLY,2026-03-01,2026-03-30,2025-11-01,,inv_01KMZYQG03JFYNBWKQ5ZTECEPZ
subs_01KG4V9YQ03PX1QJ0SFB0ACZR9,cust_01KFDEZGH6JTTBMST9VX6432YN0,plan_01KG4EKKNG0NMDQBAJW05ENGE4,MONTHLY,2026-03-01,2026-03-30,2025-07-17,2026-07-17,inv_01KMZYP5DM3YKNFS7VHT5E5RKT
subs_01KG4VYV87V3KSFE5GBHQX41CB,cust_01KFDMYEGEJX2BJ6YHKA5V3DEV0,plan_01KG4EKKNG0NMDQBAJW05ENGE4,MONTHLY,2026-03-01,2026-03-30,2025-10-31,2026-10-31,inv_01KMZYPRAYZND49EQZ16GJ6YVF
subs_01KG4W71EKDA1NBNFJDW3Z1QRW,cust_01KFDKVP0KM9AAV6N7P2FHVX450,plan_01KG4EKKNG0NMDQBAJW05ENGE4,MONTHLY,2026-03-01,2026-03-30,2025-12-05,2026-12-05,inv_01KMZYRGZ53HDEBZKDVAZSA8MZ
subs_01KG4W77DEH47QVZXKR6JZ8PD7,cust_01KFDM9MJHHB3CT1WD9MQFMN6M0,plan_01KG4EKKNG0NMDQBAJW05ENGE4,MONTHLY,2026-03-01,2026-03-30,2026-02-27,2027-02-27,inv_01KMZYRYJ90J44BW9C451RS8DN
subs_01KG4WWQA4E8HKBYYB8A0Z4686,cust_01KFN7QPCXQK7D4H72EDN3T3PJ0,plan_01KG4EKKNG0NMDQBAJW05ENGE4,MONTHLY,2025-01-01,2025-02-01,2024-12-10,2026-12-10,
subs_01KG4WWQA4E8HKBYYB8A0Z4686,cust_01KFN7QPCXQK7D4H72EDN3T3PJ0,plan_01KG4EKKNG0NMDQBAJW05ENGE4,MONTHLY,2025-02-01,2025-03-01,2024-12-10,2026-12-10,
subs_01KG4WWQA4E8HKBYYB8A0Z4686,cust_01KFN7QPCXQK7D4H72EDN3T3PJ0,plan_01KG4EKKNG0NMDQBAJW05ENGE4,MONTHLY,2025-03-01,2025-04-01,2024-12-10,2026-12-10,
subs_01KG4WWQA4E8HKBYYB8A0Z4686,cust_01KFN7QPCXQK7D4H72EDN3T3PJ0,plan_01KG4EKKNG0NMDQBAJW05ENGE4,MONTHLY,2025-04-01,2025-05-01,2024-12-10,2026-12-10,
subs_01KG4WWQA4E8HKBYYB8A0Z4686,cust_01KFN7QPCXQK7D4H72EDN3T3PJ0,plan_01KG4EKKNG0NMDQBAJW05ENGE4,MONTHLY,2025-05-01,2025-06-01,2024-12-10,2026-12-10,
subs_01KG4WWQA4E8HKBYYB8A0Z4686,cust_01KFN7QPCXQK7D4H72EDN3T3PJ0,plan_01KG4EKKNG0NMDQBAJW05ENGE4,MONTHLY,2025-06-01,2025-07-01,2024-12-10,2026-12-10,
subs_01KG4WWQA4E8HKBYYB8A0Z4686,cust_01KFN7QPCXQK7D4H72EDN3T3PJ0,plan_01KG4EKKNG0NMDQBAJW05ENGE4,MONTHLY,2025-07-01,2025-08-01,2024-12-10,2026-12-10,
subs_01KG4WWQA4E8HKBYYB8A0Z4686,cust_01KFN7QPCXQK7D4H72EDN3T3PJ0,plan_01KG4EKKNG0NMDQBAJW05ENGE4,MONTHLY,2025-08-01,2025-09-01,2024-12-10,2026-12-10,
subs_01KG4WWQA4E8HKBYYB8A0Z4686,cust_01KFN7QPCXQK7D4H72EDN3T3PJ0,plan_01KG4EKKNG0NMDQBAJW05ENGE4,MONTHLY,2025-09-01,2025-10-01,2024-12-10,2026-12-10,
subs_01KG4WWQA4E8HKBYYB8A0Z4686,cust_01KFN7QPCXQK7D4H72EDN3T3PJ0,plan_01KG4EKKNG0NMDQBAJW05ENGE4,MONTHLY,2025-10-01,2025-11-01,2024-12-10,2026-12-10,
subs_01KG4WWQA4E8HKBYYB8A0Z4686,cust_01KFN7QPCXQK7D4H72EDN3T3PJ0,plan_01KG4EKKNG0NMDQBAJW05ENGE4,MONTHLY,2025-11-01,2025-12-01,2024-12-10,2026-12-10,
subs_01KG4WWQA4E8HKBYYB8A0Z4686,cust_01KFN7QPCXQK7D4H72EDN3T3PJ0,plan_01KG4EKKNG0NMDQBAJW05ENGE4,MONTHLY,2025-12-01,2026-01-01,2024-12-10,2026-12-10,
subs_01KG4WWQA4E8HKBYYB8A0Z4686,cust_01KFN7QPCXQK7D4H72EDN3T3PJ0,plan_01KG4EKKNG0NMDQBAJW05ENGE4,MONTHLY,2026-01-01,2026-02-01,2024-12-10,2026-12-10,inv_01KMZZ3G0186ZBPP6PMQB87ETQ
subs_01KG4WWQA4E8HKBYYB8A0Z4686,cust_01KFN7QPCXQK7D4H72EDN3T3PJ0,plan_01KG4EKKNG0NMDQBAJW05ENGE4,MONTHLY,2026-02-01,2026-03-01,2024-12-10,2026-12-10,
subs_01KG4WWQA4E8HKBYYB8A0Z4686,cust_01KFN7QPCXQK7D4H72EDN3T3PJ0,plan_01KG4EKKNG0NMDQBAJW05ENGE4,MONTHLY,2026-03-01,2026-03-30,2024-12-10,2026-12-10,
subs_01KG4WXAB9W98R539KAQ74TH1X,cust_01KFGPZGM1CG0SSTQYQ53WEM810,plan_01KG4EKKNG0NMDQBAJW05ENGE4,MONTHLY,2026-03-01,2026-03-30,2025-07-16,2026-07-16,inv_01KMZYSZQ9QBVWK99F9WZDNPTX
subs_01KJAHPJRJFE0JC0H508ENS7MK,cust_01KJAHPJP1SXNZQ7XZ2RE61KRG,plan_01KG4EKKNG0NMDQBAJW05ENGE4,MONTHLY,2026-03-01,2026-03-30,2026-01-27,2027-01-27,inv_01KMZYTFCW13QGHYJW2SEFWV2F
subs_01KJAWDAMYTFDTM83HB3CTDQFV,cust_01KJAWDAJEJ3JQAR8N01B6ZWG3,plan_01KG4EKKNG0NMDQBAJW05ENGE4,MONTHLY,2026-03-01,2026-03-30,2026-02-12,2027-02-12,inv_01KMZYTY1G9Y25YJZ5FQHTE18X
subs_01KJDEJ387Y62N3GDMZAJZT0W9,cust_01KJDEJ35KC37CFCP62CEYSCC4,plan_01KG4EKKNG0NMDQBAJW05ENGE4,MONTHLY,2026-03-01,2026-03-30,2026-01-27,2027-01-27,inv_01KMZYVDS5BZZ7PY42A0GH8GZQ
subs_01KK2C8S0SKP1766YX07DAQ301,cust_01KK2C8RWX94RN2E795A2M9XWS,plan_01KG4EKKNG0NMDQBAJW05ENGE4,MONTHLY,2026-03-01,2026-03-30,2025-07-10,2026-07-10,
subs_01KK2C962RA6VHJXAACHK6MKE2,cust_01KK2C95YVCNWGXP7J18BMGAZV,plan_01KG4EKKNG0NMDQBAJW05ENGE4,MONTHLY,2026-03-01,2026-03-30,2025-10-01,2026-10-01,
subs_01KK2CFDMTDB7F4FAFEYTR71R8,cust_01KK2CFDGTEVDB60QJ1GTYSQN5,plan_01KG4EKKNG0NMDQBAJW05ENGE4,MONTHLY,2026-03-01,2026-03-30,2025-12-31,2026-12-31,inv_01KMZYX1E4XGEE0WJE1ZRN0QAP
subs_01KKERWQM1ZSV8ZXB28T40K45F,cust_01KFDDK40HG28C7T9Z654Z74C10,plan_01KG4EKKNG0NMDQBAJW05ENGE4,MONTHLY,2026-03-01,2026-03-30,2025-12-31,2026-12-31,inv_01KMZYX5X3YK8CMT2H4VKYXW05
subs_01KKETA45K4Y2A7FSFREXNN9ST,cust_01KFB8A3JHXNK8QVEZJ5WJ7KPK0,plan_01KG4EKKNG0NMDQBAJW05ENGE4,MONTHLY,2026-03-01,2026-03-30,2025-09-25,2026-09-25,inv_01KMZYXZANYYZSYNK2861K3EMH
subs_01KKETAX8GGHXKGRH40K4VE2Y0,cust_01KFB8EDFF6371BF1D7ZCAWMVF0,plan_01KKEMG8P7KTJ71DFDJAMQE8NP,MONTHLY,2026-03-01,2026-03-30,2025-06-21,2026-06-21,inv_01KMZYYF4EKPGF9BYKGG1BB6X8
subs_01KKETBCTWMHEVCJCREF8CRVSW,cust_01KFB8A255R5FPF6TW0E0YSEH00,plan_01KG4EKKNG0NMDQBAJW05ENGE4,MONTHLY,2026-03-01,2026-03-30,2025-12-31,2026-12-31,inv_01KMZYYWKXQ5NX9FAJEEX4DDY6
subs_01KKETQ155S5MCJN1P6QDJMNMQ,cust_01KFBNPDQX4PK6ESXSCGX3SXB30,plan_01KG4EKKNG0NMDQBAJW05ENGE4,MONTHLY,2026-03-01,2026-03-30,2025-10-31,2026-10-31,inv_01KMZYZYA5NAFQQZ56XNMES5N5
subs_01KKEVX943D2GYCZKPXFRJSJ9P,cust_01KFBQXWW27Y1S6YYCVPV0504N0,plan_01KG4EKKNG0NMDQBAJW05ENGE4,MONTHLY,2026-03-01,2026-03-30,2025-12-01,2026-12-01,inv_01KMZZ0BTYAJ3S12DJXJFSPN1K
subs_01KKEVYKGX7FCTR2FXXVWHB1N3,cust_01KFB8A6K3FQNTDR087VW6BNE20,plan_01KG4EKKNG0NMDQBAJW05ENGE4,MONTHLY,2026-03-01,2026-03-30,2026-01-21,2027-01-21,inv_01KMZZ16XBZVH9N7K39ZDR7NMC
subs_01KKEW2GPV8N0E8QPMHSYZ703N,cust_01KFB8AQA16XWTD7RCNSCH3NNG0,plan_01KKEN9WR84B7G6RG3N6ZZ7646,MONTHLY,2026-03-01,2026-03-30,2025-07-25,2026-07-25,
subs_01KKEW5QH4F69P1BCXF5KNQ4XX,cust_01KK2C8ZNEK2GXWSPW8F7TY35S,plan_01KKEN9WR84B7G6RG3N6ZZ7646,MONTHLY,2026-03-01,2026-03-30,2025-05-30,2026-05-30,
subs_01KKHHCJZZDKVP0EFT5VS8MSJ7,cust_01KKHFS13QATY0K13H2G1TYG9C,plan_01KG4EKKNG0NMDQBAJW05ENGE4,MONTHLY,2026-03-01,2026-03-30,2025-12-31,2026-12-31,inv_01KMZZ32N0SYZMP839VK658AS8
